symbol,name,industry_current,base_signal_date,base_rank,base_score,auction_trade_date,auction_price,pre_close,auction_gap,auction_volume,auction_amount,auction_turnover_rate,auction_volume_ratio,auction_status,auction_reasons,portfolio_selected,portfolio_reason
603882.SH,金域医学,医疗保健,2026-08-07,1,62.446,20260810,29.16,28.97,0.006558508802209317,171700.0,5006772.0,0.0373152,2.28535,CONFIRMED,昨收质量信号有效，竞价价格、成交额和量比通过固定确认规则,True,
300347.SZ,泰格医药,医疗保健,2026-08-07,2,58.5262,20260810,55.13,54.35,0.014351425942962237,261600.0,14422008.0,0.0461803,1.26532,CONFIRMED,昨收质量信号有效，竞价价格、成交额和量比通过固定确认规则,True,
603979.SH,金诚信,铜,2026-08-07,3,58.2516,20260810,79.24,79.19,0.0006313928526329171,32100.0,2543604.0,0.00514594,0.346509,WATCH,竞价量比0.35低于0.50,False,
600267.SH,海正药业,化学制药,2026-08-07,4,57.024,20260810,13.87,13.11,0.05797101449275366,5480200.0,76010374.0,0.464317,11.4913,REJECT_CHASE,竞价高开5.80%，超过追高上限5.00%,False,
002832.SZ,比音勒芬,服饰,2026-08-07,5,56.5528,20260810,24.58,24.62,-0.0016246953696182898,74000.0,1818920.0,0.0190027,0.396969,WATCH,竞价量比0.40低于0.50,False,
600882.SH,妙可蓝多,乳制品,2026-08-07,6,56.1517,20260810,22.36,22.36,0.0,35900.0,802724.0,0.00706062,0.38561,WATCH,"竞价成交额802,724低于1,000,000；竞价量比0.39低于0.50",False,
000739.SZ,普洛药业,化学制药,2026-08-07,7,55.8166,20260810,24.37,23.41,0.04100811618966249,981445.0,23917814.65,0.0847549,3.35184,WATCH,"竞价涨跌幅4.10%不在确认区间[-1.00%, 3.00%]",False,
002412.SZ,汉森制药,中成药,2026-08-07,8,55.6342,20260810,7.22,7.27,-0.00687757909215958,337800.0,2438916.0,0.0678524,1.02657,CONFIRMED,昨收质量信号有效，竞价价格、成交额和量比通过固定确认规则,True,
603087.SH,甘李药业,生物制药,2026-08-07,9,54.9882,20260810,69.69,69.69,0.0,64400.0,4488036.0,0.0114763,0.687474,CONFIRMED,昨收质量信号有效，竞价价格、成交额和量比通过固定确认规则,True,
600352.SH,浙江龙盛,染料涂料,2026-08-07,10,54.7722,20260810,13.15,13.17,-0.0015186028853454436,171400.0,2253910.0,0.00526845,0.269369,WATCH,竞价量比0.27低于0.50,False,
003013.SZ,地铁设计,建筑工程,2026-08-07,11,51.6526,20260810,18.81,19.18,-0.01929092805005217,170700.0,3210867.0,0.0424124,1.78975,WATCH,"竞价涨跌幅-1.93%不在确认区间[-1.00%, 3.00%]",False,
603456.SH,九洲药业,医疗保健,2026-08-07,12,50.9404,20260810,16.72,16.45,0.01641337386018238,503800.0,8423536.0,0.057139,1.57564,CONFIRMED,昨收质量信号有效，竞价价格、成交额和量比通过固定确认规则,False,行业集中度限制：医疗保健已达2只
600298.SH,安琪酵母,食品,2026-08-07,13,50.3357,20260810,41.13,41.23,-0.002425418384671252,13500.0,555255.0,0.00157499,0.078215,WATCH,"竞价成交额555,255低于1,000,000；竞价量比0.08低于0.50",False,
301108.SZ,洁雅股份,日用化工,2026-08-07,14,50.3316,20260810,37.4,37.39,0.00026745119015769703,13900.0,519860.0,0.0214396,0.527986,WATCH,"竞价成交额519,860低于1,000,000",False,
002303.SZ,美盈森,造纸,2026-08-07,15,50.3143,20260810,5.4,5.34,0.011235955056179803,720600.0,3891240.0,0.0745283,0.637541,CONFIRMED,昨收质量信号有效，竞价价格、成交额和量比通过固定确认规则,True,
688235.SH,百济神州,生物制药,2026-08-07,16,49.8198,20260810,303.3,299.33,0.013262953930444743,175311.0,53171826.0,0.152371,2.30872,CONFIRMED,昨收质量信号有效，竞价价格、成交额和量比通过固定确认规则,True,
600671.SH,天目药业,中成药,2026-08-07,17,48.6847,20260810,21.46,21.53,-0.0032512772875058493,19400.0,416324.0,0.0159316,0.361354,WATCH,"竞价成交额416,324低于1,000,000；竞价量比0.36低于0.50",False,
002568.SZ,百润股份,红黄酒,2026-08-07,18,48.3688,20260810,19.38,19.48,-0.005133470225872738,34900.0,676362.0,0.0045794,0.182143,WATCH,"竞价成交额676,362低于1,000,000；竞价量比0.18低于0.50",False,
603268.SH,松发股份,船舶,2026-08-07,19,48.2023,20260810,183.05,183.11,-0.00032767189121296614,44200.0,8090810.0,0.0189496,0.485941,WATCH,竞价量比0.49低于0.50,False,
601899.SH,紫金矿业,铜,2026-08-07,20,47.9333,20260810,35.18,35.15,0.0008534850640113945,3385700.0,119108926.0,0.016434,1.10337,CONFIRMED,昨收质量信号有效，竞价价格、成交额和量比通过固定确认规则,True,
600971.SH,恒源煤电,煤炭开采,2026-08-07,21,47.8901,20260810,8.16,8.16,0.0,52500.0,428400.0,0.00437498,0.284042,WATCH,"竞价成交额428,400低于1,000,000；竞价量比0.28低于0.50",False,
601233.SH,桐昆股份,化纤,2026-08-07,22,47.751,20260810,23.56,23.56,0.0,226300.0,5331628.0,0.00952974,0.584437,CONFIRMED,昨收质量信号有效，竞价价格、成交额和量比通过固定确认规则,True,
688621.SH,阳光诺和,医疗保健,2026-08-07,23,47.5754,20260810,64.86,64.88,-0.00030826140567197235,21869.0,1418423.0,0.0195259,0.786087,CONFIRMED,昨收质量信号有效，竞价价格、成交额和量比通过固定确认规则,False,行业集中度限制：医疗保健已达2只
600123.SH,兰花科创,煤炭开采,2026-08-07,24,47.406,20260810,6.99,6.99,0.0,125600.0,877944.0,0.00852543,0.399527,WATCH,"竞价成交额877,944低于1,000,000；竞价量比0.40低于0.50",False,
603956.SH,威派格,专用机械,2026-08-07,25,46.929,20260810,6.92,6.92,0.0,227000.0,1570840.0,0.0398311,0.406116,WATCH,竞价量比0.41低于0.50,False,
603993.SH,洛阳钼业,小金属,2026-08-07,26,46.5988,20260810,20.86,20.83,0.001440230436869916,1717700.0,35831222.0,0.00983744,0.643835,CONFIRMED,昨收质量信号有效，竞价价格、成交额和量比通过固定确认规则,True,
601598.SH,中国外运,仓储物流,2026-08-07,27,46.4943,20260810,6.51,6.47,0.0061823802163833985,73000.0,475230.0,0.00141542,0.314446,WATCH,"竞价成交额475,230低于1,000,000；竞价量比0.31低于0.50",False,
002064.SZ,华峰化学,化纤,2026-08-07,28,45.741,20260810,12.03,12.03,0.0,183100.0,2202693.0,0.0036975,0.291159,WATCH,竞价量比0.29低于0.50,False,
002415.SZ,海康威视,IT设备,2026-08-07,29,45.6199,20260810,37.16,37.24,-0.002148227712137629,343800.0,12775608.0,0.00380054,0.306895,WATCH,竞价量比0.31低于0.50,False,
600988.SH,赤峰黄金,黄金,2026-08-07,30,45.4267,20260810,41.9,42.09,-0.004514136374435873,713036.0,29876208.0,0.042853,1.00134,CONFIRMED,昨收质量信号有效，竞价价格、成交额和量比通过固定确认规则,True,
603337.SH,杰克科技,纺织机械,2026-08-07,31,45.0951,20260810,44.6,44.66,-0.0013434841021047195,30900.0,1378140.0,0.00661628,0.340317,WATCH,竞价量比0.34低于0.50,False,
600985.SH,淮北矿业,煤炭开采,2026-08-07,32,44.9576,20260810,16.44,16.52,-0.004842615012106477,168100.0,2763564.0,0.00624151,0.564418,CONFIRMED,昨收质量信号有效，竞价价格、成交额和量比通过固定确认规则,False,早盘候选名额已满
603727.SH,博迈科,石油开采,2026-08-07,33,44.8935,20260810,18.18,18.26,-0.004381161007667167,18900.0,343602.0,0.00670881,0.532533,WATCH,"竞价成交额343,602低于1,000,000",False,
000703.SZ,恒逸石化,化纤,2026-08-07,34,43.7106,20260810,17.91,17.71,0.011293054771315703,513800.0,9202158.0,0.0135126,0.649892,CONFIRMED,昨收质量信号有效，竞价价格、成交额和量比通过固定确认规则,False,早盘候选名额已满
600829.SH,人民同泰,医药商业,2026-08-07,35,43.1122,20260810,10.27,10.32,-0.004844961240310197,1544400.0,15860988.0,0.266327,4.81337,CONFIRMED,昨收质量信号有效，竞价价格、成交额和量比通过固定确认规则,False,早盘候选名额已满
603980.SH,吉华集团,染料涂料,2026-08-07,36,42.8151,20260810,6.85,6.81,0.005873715124816492,135000.0,924750.0,0.0199458,0.401457,WATCH,"竞价成交额924,750低于1,000,000；竞价量比0.40低于0.50",False,
002083.SZ,孚日股份,纺织,2026-08-07,37,42.7084,20260810,11.79,11.72,0.0059726962457336,394900.0,4655871.0,0.0417299,0.498476,WATCH,竞价量比0.50低于0.50,False,
002955.SZ,鸿合科技,IT设备,2026-08-07,38,42.2869,20260810,34.49,34.65,-0.0046176046176045205,35000.0,1207150.0,0.0178894,0.622358,CONFIRMED,昨收质量信号有效，竞价价格、成交额和量比通过固定确认规则,False,早盘候选名额已满
001230.SZ,劲旅环境,环境保护,2026-08-07,39,42.2831,20260810,19.8,19.78,0.0010111223458038054,13000.0,257400.0,0.0118205,0.215042,WATCH,"竞价成交额257,400低于1,000,000；竞价量比0.22低于0.50",False,
301381.SZ,赛维时代,互联网,2026-08-07,40,41.2687,20260810,23.57,23.44,0.005546075085324231,26500.0,624605.0,0.00652537,0.359648,WATCH,"竞价成交额624,605低于1,000,000；竞价量比0.36低于0.50",False,
600801.SH,华新建材,水泥,2026-08-07,41,40.172,20260810,22.8,22.85,-0.002188183807439903,60100.0,1370280.0,0.0044794,0.299214,WATCH,竞价量比0.30低于0.50,False,
600351.SH,亚宝药业,中成药,2026-08-07,42,39.8478,20260810,6.8,6.82,-0.0029325513196482023,197600.0,1343680.0,0.0285549,0.503599,CONFIRMED,昨收质量信号有效，竞价价格、成交额和量比通过固定确认规则,False,早盘候选名额已满
000608.SZ,阳光股份,区域地产,2026-08-07,43,39.4488,20260810,7.23,7.18,0.0069637883008357715,150500.0,1088115.0,0.0201898,0.351303,WATCH,竞价量比0.35低于0.50,False,
300483.SZ,首华燃气,石油开采,2026-08-07,44,39.2759,20260810,23.23,23.29,-0.0025762129669385514,34300.0,796789.0,0.00891285,0.265441,WATCH,"竞价成交额796,789低于1,000,000；竞价量比0.27低于0.50",False,
603976.SH,正川股份,医疗保健,2026-08-07,45,38.2879,20260810,28.5,28.53,-0.001051524710830698,11500.0,327750.0,0.00670106,0.227285,WATCH,"竞价成交额327,750低于1,000,000；竞价量比0.23低于0.50",False,
601827.SH,三峰环境,环境保护,2026-08-07,46,37.138,20260810,8.41,8.41,0.0,11300.0,95033.0,0.000675864,0.127498,WATCH,"竞价成交额95,033低于1,000,000；竞价量比0.13低于0.50",False,
920058.BJ,华洋赛车,摩托车,2026-08-07,47,36.2122,20260810,29.0,28.68,0.01115760111576014,10199.0,295771.0,0.0369604,1.17492,WATCH,"竞价成交额295,771低于1,000,000",False,
601156.SH,东航物流,仓储物流,2026-08-07,48,36.1511,20260810,17.35,17.35,0.0,35000.0,607250.0,0.00370529,0.395055,WATCH,"竞价成交额607,250低于1,000,000；竞价量比0.40低于0.50",False,
600000.SH,浦发银行,银行,2026-08-07,49,30.4295,20260810,9.2,9.21,-0.0010857763300762269,171000.0,1573200.0,0.000513424,0.227,WATCH,竞价量比0.23低于0.50,False,
301376.SZ,致欧科技,家居用品,2026-08-07,50,27.4808,20260810,20.0,19.84,0.008064516129032251,26100.0,522000.0,0.0134784,0.560931,WATCH,"竞价成交额522,000低于1,000,000",False,
300562.SZ,乐心医疗,医疗保健,2026-08-07,51,27.3039,20260810,15.5,15.42,0.005188067444876765,75200.0,1165600.0,0.0450493,0.663301,CONFIRMED,昨收质量信号有效，竞价价格、成交额和量比通过固定确认规则,False,早盘候选名额已满
601369.SH,陕鼓动力,机械基件,2026-08-07,52,24.8972,20260810,9.48,9.53,-0.005246589716684014,43000.0,407640.0,0.0025202,0.251948,WATCH,"竞价成交额407,640低于1,000,000；竞价量比0.25低于0.50",False,
603068.SH,博通集成,半导体,2026-08-07,53,20.1754,20260810,41.39,40.91,0.011733072598386851,86200.0,3567818.0,0.05679,0.423193,WATCH,竞价量比0.42低于0.50,False,
000783.SZ,长江证券,证券,2026-08-07,54,19.7659,20260810,9.05,9.04,0.0011061946902657382,1158300.0,10482615.0,0.0209455,1.15436,CONFIRMED,昨收质量信号有效，竞价价格、成交额和量比通过固定确认规则,False,早盘候选名额已满
301448.SZ,开创电气,机械基件,2026-08-07,55,18.5293,20260810,42.19,41.76,0.010296934865900331,600.0,25314.0,0.000846465,0.0315297,WATCH,"竞价成交额25,314低于1,000,000；竞价量比0.03低于0.50",False,
301365.SZ,矩阵股份,建筑工程,2026-08-07,56,16.2235,20260810,38.5,38.57,-0.001814882032667886,14600.0,562100.0,0.0118581,0.410848,WATCH,"竞价成交额562,100低于1,000,000；竞价量比0.41低于0.50",False,
