rank,symbol,name,decision,score,first_board_date,first_board_amount,auction_trade_date,auction_price,auction_amount,auction_amount_ratio,auction_gap,ma5,ma10,ma20,ma60,ma_bullish_rising,cross_count,crossed_mas,score_components,failure_reasons,feedback
,600267.SH,海正药业,REJECTED,70.0,2026-08-07,731855689.0,20260810,13.87,76010374.0,0.10385978430236675,0.05797101449275366,12.122,11.913,11.9035,10.719140285760984,True,3,MA5/MA10/MA20,"{""auction_amount_ratio"": 30.0, ""auction_gap"": 0.0, ""ma_bullish_rising"": 20.0, ""single_candle_cross"": 20.0}","竞价涨幅5.80%不在[6%, 8%]",null
,001296.SZ,长江材料,REJECTED,70.0,2026-08-07,104254134.69999999,20260810,19.88,9649752.0,0.0925598972910568,-0.0030090270812438424,18.23,17.552,17.2305,18.99316480669928,True,2,MA5/MA60,"{""auction_amount_ratio"": 30.0, ""auction_gap"": 0.0, ""ma_bullish_rising"": 20.0, ""single_candle_cross"": 20.0}","竞价涨幅-0.30%不在[6%, 8%]",null
,002742.SZ,冀衡医药,REJECTED,50.0,2026-08-07,73389971.0,20260810,4.17,7000596.0,0.0953890007668759,0.009685230024213176,3.786,3.618,3.537,3.716972822141253,True,1,MA5,"{""auction_amount_ratio"": 30.0, ""auction_gap"": 0.0, ""ma_bullish_rising"": 20.0, ""single_candle_cross"": 0.0}","竞价涨幅0.97%不在[6%, 8%]",null
,002900.SZ,哈三联,REJECTED,50.0,2026-08-07,414891610.0,20260810,14.3,21307000.0,0.051355581762668086,0.060830860534124565,12.422,12.245000000000001,11.5545,10.598500000000001,True,1,MA5,"{""auction_amount_ratio"": 0.0, ""auction_gap"": 30.0, ""ma_bullish_rising"": 20.0, ""single_candle_cross"": 0.0}",竞价成交额占比5.14%低于8%,null
,301230.SZ,泓博医药,REJECTED,50.0,2026-08-07,757602236.4000001,20260810,34.68,30130920.36,0.03977142478245197,0.06971005552128307,27.596000000000004,25.918,27.379464265341046,27.64270825523592,False,3,MA5/MA20/MA60,"{""auction_amount_ratio"": 0.0, ""auction_gap"": 30.0, ""ma_bullish_rising"": 0.0, ""single_candle_cross"": 20.0}",竞价成交额占比3.98%低于8%；未满足MA5>MA10>MA20且三线同步向上,null
,603102.SH,百合股份,REJECTED,40.0,2026-08-07,77628320.0,20260810,36.0,5929200.0,0.07637934197210502,-0.04025593175153286,34.708,33.562,32.833999999999996,34.352,True,2,MA5/MA60,"{""auction_amount_ratio"": 0.0, ""auction_gap"": 0.0, ""ma_bullish_rising"": 20.0, ""single_candle_cross"": 20.0}","竞价成交额占比7.64%低于8%；竞价涨幅-4.03%不在[6%, 8%]",null
,603758.SH,秦安股份,REJECTED,40.0,2026-08-07,86291752.0,20260810,11.0,5871800.0,0.06804590084113717,0.04961832061068705,9.642,9.349,9.177,10.155000000000001,True,2,MA5/MA60,"{""auction_amount_ratio"": 0.0, ""auction_gap"": 0.0, ""ma_bullish_rising"": 20.0, ""single_candle_cross"": 20.0}","竞价成交额占比6.80%低于8%；竞价涨幅4.96%不在[6%, 8%]",null
,002589.SZ,瑞康医药,REJECTED,40.0,2026-08-07,476503273.0,20260810,3.17,29466101.0,0.06183819224259557,0.042763157894736725,2.828,2.779,2.7515,2.7431666666666668,True,4,MA5/MA10/MA20/MA60,"{""auction_amount_ratio"": 0.0, ""auction_gap"": 0.0, ""ma_bullish_rising"": 20.0, ""single_candle_cross"": 20.0}","竞价成交额占比6.18%低于8%；竞价涨幅4.28%不在[6%, 8%]",null
,300986.SZ,志特新材,REJECTED,40.0,2026-08-07,1096398357.1,20260810,15.5,56261900.0,0.05131519911140152,0.04729729729729715,12.514000000000001,11.451,10.868500000000001,12.571366877423111,True,2,MA5/MA60,"{""auction_amount_ratio"": 0.0, ""auction_gap"": 0.0, ""ma_bullish_rising"": 20.0, ""single_candle_cross"": 20.0}","竞价成交额占比5.13%低于8%；竞价涨幅4.73%不在[6%, 8%]",null
,301234.SZ,五洲医疗,REJECTED,40.0,2026-08-07,548745851.5,20260810,82.3,19887548.1,0.03624181949738166,-0.01578569720162648,71.95,71.09799999999998,55.041,44.454850047393364,True,2,MA5/MA10,"{""auction_amount_ratio"": 0.0, ""auction_gap"": 0.0, ""ma_bullish_rising"": 20.0, ""single_candle_cross"": 20.0}","竞价成交额占比3.62%低于8%；竞价涨幅-1.58%不在[6%, 8%]",null
,301366.SZ,一博科技,REJECTED,40.0,2026-08-07,1022173808.8,20260810,54.0,32216400.0,0.031517536178921515,0.012563285205325458,46.37,42.515,41.899,47.64633279495461,True,2,MA5/MA60,"{""auction_amount_ratio"": 0.0, ""auction_gap"": 0.0, ""ma_bullish_rising"": 20.0, ""single_candle_cross"": 20.0}","竞价成交额占比3.15%低于8%；竞价涨幅1.26%不在[6%, 8%]",null
,600651.SH,飞乐音响,REJECTED,40.0,2026-08-07,266221505.0,20260810,6.58,8266454.0,0.03105103774392681,0.028124999999999956,5.936,5.654,5.456,5.9254999999999995,True,2,MA5/MA60,"{""auction_amount_ratio"": 0.0, ""auction_gap"": 0.0, ""ma_bullish_rising"": 20.0, ""single_candle_cross"": 20.0}","竞价成交额占比3.11%低于8%；竞价涨幅2.81%不在[6%, 8%]",null
,603567.SH,珍宝岛,REJECTED,40.0,2026-08-07,918982605.0,20260810,7.08,27954913.0,0.030419414739629374,0.0,6.57,6.478999999999999,6.0575,6.016,True,2,MA5/MA10,"{""auction_amount_ratio"": 0.0, ""auction_gap"": 0.0, ""ma_bullish_rising"": 20.0, ""single_candle_cross"": 20.0}","竞价成交额占比3.04%低于8%；竞价涨幅0.00%不在[6%, 8%]",null
,000831.SZ,中国稀土,REJECTED,40.0,2026-08-07,3390463975.2000003,20260810,57.22,95523068.0,0.028174040101507106,0.0005245672320335348,51.74400000000001,49.681,48.5185,52.05736217399581,True,2,MA5/MA60,"{""auction_amount_ratio"": 0.0, ""auction_gap"": 0.0, ""ma_bullish_rising"": 20.0, ""single_candle_cross"": 20.0}","竞价成交额占比2.82%低于8%；竞价涨幅0.05%不在[6%, 8%]",null
,688137.SH,近岸蛋白,REJECTED,40.0,2026-08-07,171227019.0,20260810,48.99,4458776.0,0.026040142648281462,0.04858732876712346,40.25,37.449,37.3705,38.941,True,2,MA5/MA60,"{""auction_amount_ratio"": 0.0, ""auction_gap"": 0.0, ""ma_bullish_rising"": 20.0, ""single_candle_cross"": 20.0}","竞价成交额占比2.60%低于8%；竞价涨幅4.86%不在[6%, 8%]",null
,600744.SH,华银电力,REJECTED,40.0,2026-08-07,1491023167.0,20260810,7.88,35366228.0,0.02371943560820608,0.0,7.406000000000001,7.263,6.8694999999999995,7.197166666666667,True,3,MA5/MA10/MA60,"{""auction_amount_ratio"": 0.0, ""auction_gap"": 0.0, ""ma_bullish_rising"": 20.0, ""single_candle_cross"": 20.0}","竞价成交额占比2.37%低于8%；竞价涨幅0.00%不在[6%, 8%]",null
,002443.SZ,金洲管道,REJECTED,30.0,2026-08-07,115035440.0,20260810,9.29,13566187.0,0.11793050037449329,-0.004287245444801857,8.506,8.215,8.3265,10.223061630449957,False,0,,"{""auction_amount_ratio"": 30.0, ""auction_gap"": 0.0, ""ma_bullish_rising"": 0.0, ""single_candle_cross"": 0.0}","竞价涨幅-0.43%不在[6%, 8%]；未满足MA5>MA10>MA20且三线同步向上",null
,600641.SH,先导基电,REJECTED,30.0,2026-08-07,2390774159.0,20260810,33.4,78586860.0,0.0328708839787991,0.06777493606138107,26.824,27.173000000000002,30.5685,32.27916666666667,False,1,MA20,"{""auction_amount_ratio"": 0.0, ""auction_gap"": 30.0, ""ma_bullish_rising"": 0.0, ""single_candle_cross"": 0.0}",竞价成交额占比3.29%低于8%；未满足MA5>MA10>MA20且三线同步向上,null
,002037.SZ,保利联合,REJECTED,20.0,2026-08-07,176362326.1,20260810,7.31,11451846.0,0.06493362983603787,-0.04941482444733425,7.036,6.712000000000001,6.326,6.740166666666667,True,0,,"{""auction_amount_ratio"": 0.0, ""auction_gap"": 0.0, ""ma_bullish_rising"": 20.0, ""single_candle_cross"": 0.0}","竞价成交额占比6.49%低于8%；竞价涨幅-4.94%不在[6%, 8%]",null
,301080.SZ,百普赛斯,REJECTED,20.0,2026-08-07,915450283.1999999,20260810,76.88,57275600.0,0.06256549487296068,0.18733590733590733,54.0,52.21900000000001,52.205,45.57129314830242,True,1,MA5,"{""auction_amount_ratio"": 0.0, ""auction_gap"": 0.0, ""ma_bullish_rising"": 20.0, ""single_candle_cross"": 0.0}","竞价成交额占比6.26%低于8%；竞价涨幅18.73%不在[6%, 8%]",null
,002437.SZ,誉衡药业,REJECTED,20.0,2026-08-07,703776134.4,20260810,3.29,41485337.25,0.058946780406766805,0.054487179487179516,2.946,2.9080000000000004,2.9285,2.882833333333333,False,4,MA5/MA10/MA20/MA60,"{""auction_amount_ratio"": 0.0, ""auction_gap"": 0.0, ""ma_bullish_rising"": 0.0, ""single_candle_cross"": 20.0}","竞价成交额占比5.89%低于8%；竞价涨幅5.45%不在[6%, 8%]；未满足MA5>MA10>MA20且三线同步向上",null
,603137.SH,恒尚节能,REJECTED,20.0,2026-08-07,666293546.0,20260810,28.34,34954556.0,0.05246119553437788,0.03054545454545443,26.040000000000003,25.905,27.185499999999998,18.7505,False,3,MA5/MA10/MA20,"{""auction_amount_ratio"": 0.0, ""auction_gap"": 0.0, ""ma_bullish_rising"": 0.0, ""single_candle_cross"": 20.0}","竞价成交额占比5.25%低于8%；竞价涨幅3.05%不在[6%, 8%]；未满足MA5>MA10>MA20且三线同步向上",null
,688046.SH,药康生物,REJECTED,20.0,2026-08-07,499948527.0,20260810,36.64,26088046.0,0.052181463872979866,0.0999699789852897,27.668,26.418,26.0545,22.355669297654572,True,0,,"{""auction_amount_ratio"": 0.0, ""auction_gap"": 0.0, ""ma_bullish_rising"": 20.0, ""single_candle_cross"": 0.0}","竞价成交额占比5.22%低于8%；竞价涨幅10.00%不在[6%, 8%]",null
,301047.SZ,义翘神州,REJECTED,20.0,2026-08-07,1370944799.7,20260810,119.25,71498484.0,0.052152708129200975,0.10539488320355961,88.322,78.16,74.8,67.79383333333334,True,0,,"{""auction_amount_ratio"": 0.0, ""auction_gap"": 0.0, ""ma_bullish_rising"": 20.0, ""single_candle_cross"": 0.0}","竞价成交额占比5.22%低于8%；竞价涨幅10.54%不在[6%, 8%]",null
,600664.SH,哈药股份,REJECTED,20.0,2026-08-07,1806257753.0,20260810,7.52,88934227.0,0.04923673094401384,0.09941520467836251,6.453999999999999,6.046,5.577,3.9993333333333334,True,0,,"{""auction_amount_ratio"": 0.0, ""auction_gap"": 0.0, ""ma_bullish_rising"": 20.0, ""single_candle_cross"": 0.0}","竞价成交额占比4.92%低于8%；竞价涨幅9.94%不在[6%, 8%]",null
,001223.SZ,欧克科技,REJECTED,20.0,2026-08-07,132099591.8,20260810,41.07,4653231.0,0.03522517319391141,-0.0024289531212048354,38.536,34.845,32.7545,41.23810937267173,True,1,MA5,"{""auction_amount_ratio"": 0.0, ""auction_gap"": 0.0, ""ma_bullish_rising"": 20.0, ""single_candle_cross"": 0.0}","竞价成交额占比3.52%低于8%；竞价涨幅-0.24%不在[6%, 8%]",null
,002821.SZ,凯莱英,REJECTED,20.0,2026-08-07,1802066694.2,20260810,180.0,61596000.0,0.034180754906712595,0.04493207941483801,160.154,157.469,163.6875,141.5833781745117,False,3,MA5/MA10/MA20,"{""auction_amount_ratio"": 0.0, ""auction_gap"": 0.0, ""ma_bullish_rising"": 0.0, ""single_candle_cross"": 20.0}","竞价成交额占比3.42%低于8%；竞价涨幅4.49%不在[6%, 8%]；未满足MA5>MA10>MA20且三线同步向上",null
,600449.SH,宁夏建材,REJECTED,20.0,2026-08-07,492007660.0,20260810,13.95,15163650.0,0.030819946990256208,-0.10000000000000009,14.032,13.074000000000002,12.4405,12.972671427204968,True,1,MA5,"{""auction_amount_ratio"": 0.0, ""auction_gap"": 0.0, ""ma_bullish_rising"": 20.0, ""single_candle_cross"": 0.0}","竞价成交额占比3.08%低于8%；竞价涨幅-10.00%不在[6%, 8%]",null
,601865.SH,福莱特,REJECTED,20.0,2026-08-07,561153802.0,20260810,11.47,16205963.0,0.028879717008493153,-0.0238297872340425,11.112,10.452000000000002,9.889,10.596661564308382,True,1,MA5,"{""auction_amount_ratio"": 0.0, ""auction_gap"": 0.0, ""ma_bullish_rising"": 20.0, ""single_candle_cross"": 0.0}","竞价成交额占比2.89%低于8%；竞价涨幅-2.38%不在[6%, 8%]",null
,002762.SZ,金发拉比,REJECTED,20.0,2026-08-07,191682327.7,20260810,10.06,5015916.0,0.026167858352859518,-0.03362151777137368,9.4,8.774000000000001,8.0785,8.464019626059011,True,1,MA5,"{""auction_amount_ratio"": 0.0, ""auction_gap"": 0.0, ""ma_bullish_rising"": 20.0, ""single_candle_cross"": 0.0}","竞价成交额占比2.62%低于8%；竞价涨幅-3.36%不在[6%, 8%]",null
,000739.SZ,普洛药业,REJECTED,20.0,2026-08-07,946186051.9,20260810,24.37,23917814.65,0.02527813066148201,0.04100811618966249,21.759999999999998,20.965,20.4655,17.988666666666667,True,1,MA5,"{""auction_amount_ratio"": 0.0, ""auction_gap"": 0.0, ""ma_bullish_rising"": 20.0, ""single_candle_cross"": 0.0}","竞价成交额占比2.53%低于8%；竞价涨幅4.10%不在[6%, 8%]",null
,603757.SH,大元泵业,REJECTED,20.0,2026-08-07,361318954.0,20260810,65.05,8144260.0,0.022540361942927578,0.000615289955391285,57.775999999999996,56.730999999999995,63.497,62.79365014049533,False,2,MA20/MA60,"{""auction_amount_ratio"": 0.0, ""auction_gap"": 0.0, ""ma_bullish_rising"": 0.0, ""single_candle_cross"": 20.0}","竞价成交额占比2.25%低于8%；竞价涨幅0.06%不在[6%, 8%]；未满足MA5>MA10>MA20且三线同步向上",null
,000603.SZ,盛达资源,REJECTED,20.0,2026-08-07,3615996168.5,20260810,34.52,74617051.2,0.0206352683252297,0.0026139994191114457,29.419999999999998,27.057,24.2475,26.749862469761545,True,0,,"{""auction_amount_ratio"": 0.0, ""auction_gap"": 0.0, ""ma_bullish_rising"": 20.0, ""single_candle_cross"": 0.0}","竞价成交额占比2.06%低于8%；竞价涨幅0.26%不在[6%, 8%]",null
,603660.SH,苏州科达,REJECTED,20.0,2026-08-07,394399723.0,20260810,12.19,7834513.0,0.019864397825654658,0.016680567139282676,10.716,9.647,9.093,11.008166666666666,True,1,MA60,"{""auction_amount_ratio"": 0.0, ""auction_gap"": 0.0, ""ma_bullish_rising"": 20.0, ""single_candle_cross"": 0.0}","竞价成交额占比1.99%低于8%；竞价涨幅1.67%不在[6%, 8%]",null
,000506.SZ,招金黄金,REJECTED,20.0,2026-08-07,1651156742.7,20260810,18.27,31491999.0,0.019072688973491236,0.007722007722007707,15.952000000000002,14.542000000000002,13.48,13.640833333333335,True,0,,"{""auction_amount_ratio"": 0.0, ""auction_gap"": 0.0, ""ma_bullish_rising"": 20.0, ""single_candle_cross"": 0.0}","竞价成交额占比1.91%低于8%；竞价涨幅0.77%不在[6%, 8%]",null
,603459.SH,红板科技,REJECTED,20.0,2026-08-07,1981697461.0,20260810,106.78,36305200.0,0.018320253577798776,0.01136578897518481,92.08399999999999,90.652,87.7855,91.97683333333333,True,0,,"{""auction_amount_ratio"": 0.0, ""auction_gap"": 0.0, ""ma_bullish_rising"": 20.0, ""single_candle_cross"": 0.0}","竞价成交额占比1.83%低于8%；竞价涨幅1.14%不在[6%, 8%]",null
,300916.SZ,朗特智能,REJECTED,20.0,2026-08-07,416363572.5,20260810,25.58,6451276.0,0.015494333380953974,-0.031060606060606122,21.804000000000002,20.351,19.807000000000002,25.295279104756567,True,1,MA60,"{""auction_amount_ratio"": 0.0, ""auction_gap"": 0.0, ""ma_bullish_rising"": 20.0, ""single_candle_cross"": 0.0}","竞价成交额占比1.55%低于8%；竞价涨幅-3.11%不在[6%, 8%]",null
,605287.SH,德才股份,REJECTED,20.0,2026-08-07,367718328.0,20260810,39.95,4526335.0,0.012309245026263689,-0.02394331785976045,37.44,35.194,34.3635,40.80692281568028,False,2,MA5/MA60,"{""auction_amount_ratio"": 0.0, ""auction_gap"": 0.0, ""ma_bullish_rising"": 0.0, ""single_candle_cross"": 20.0}","竞价成交额占比1.23%低于8%；竞价涨幅-2.39%不在[6%, 8%]；未满足MA5>MA10>MA20且三线同步向上",null
,301008.SZ,宏昌科技,REJECTED,20.0,2026-08-07,105885825.5,20260810,41.0,54095400.0,0.510884244841629,-0.009900990099009799,35.162,33.217999999999996,31.359499999999997,28.852614863468084,True,0,,"{""auction_amount_ratio"": 0.0, ""auction_gap"": 0.0, ""ma_bullish_rising"": 20.0, ""single_candle_cross"": 0.0}","竞价成交额占比51.09%超过淘汰上限20%；竞价涨幅-0.99%不在[6%, 8%]",null
,603655.SH,朗博科技,REJECTED,0.0,2026-08-07,40859199.0,20260810,31.21,1741518.0,0.042622421452755355,0.03894806924101202,27.268,25.971000000000004,26.024,31.339245772427624,False,1,MA5,"{""auction_amount_ratio"": 0.0, ""auction_gap"": 0.0, ""ma_bullish_rising"": 0.0, ""single_candle_cross"": 0.0}","竞价成交额占比4.26%低于8%；竞价涨幅3.89%不在[6%, 8%]；未满足MA5>MA10>MA20且三线同步向上",null
,600110.SH,诺德股份,REJECTED,0.0,2026-08-07,1209763718.0,20260810,10.8,43945200.0,0.03632544053532278,0.03250478011472269,9.290000000000001,8.955,9.5385,11.879999999999999,False,1,MA20,"{""auction_amount_ratio"": 0.0, ""auction_gap"": 0.0, ""ma_bullish_rising"": 0.0, ""single_candle_cross"": 0.0}","竞价成交额占比3.63%低于8%；竞价涨幅3.25%不在[6%, 8%]；未满足MA5>MA10>MA20且三线同步向上",null
,688073.SH,毕得医药,REJECTED,0.0,2026-08-07,323122052.0,20260810,67.99,10965631.0,0.03393649839782523,0.10373376623376607,52.274,49.691,50.6335,50.2851546516972,False,1,MA5,"{""auction_amount_ratio"": 0.0, ""auction_gap"": 0.0, ""ma_bullish_rising"": 0.0, ""single_candle_cross"": 0.0}","竞价成交额占比3.39%低于8%；竞价涨幅10.37%不在[6%, 8%]；未满足MA5>MA10>MA20且三线同步向上",null
,002631.SZ,德尔未来,REJECTED,0.0,2026-08-07,261976005.4,20260810,8.7,8127540.0,0.031023986290616215,0.0023041474654377225,7.5280000000000005,6.9399999999999995,7.1309999999999985,8.087,False,1,MA60,"{""auction_amount_ratio"": 0.0, ""auction_gap"": 0.0, ""ma_bullish_rising"": 0.0, ""single_candle_cross"": 0.0}","竞价成交额占比3.10%低于8%；竞价涨幅0.23%不在[6%, 8%]；未满足MA5>MA10>MA20且三线同步向上",null
,603186.SH,华正新材,REJECTED,0.0,2026-08-07,2343854878.0,20260810,150.0,72360000.0,0.030872218531611664,0.04895104895104896,119.87399999999998,117.84699999999998,135.6975,158.353,False,1,MA20,"{""auction_amount_ratio"": 0.0, ""auction_gap"": 0.0, ""ma_bullish_rising"": 0.0, ""single_candle_cross"": 0.0}","竞价成交额占比3.09%低于8%；竞价涨幅4.90%不在[6%, 8%]；未满足MA5>MA10>MA20且三线同步向上",null
,600500.SH,中化国际,REJECTED,0.0,2026-08-07,811470636.0,20260810,5.52,22740490.0,0.028023799002876056,0.001814882032667775,4.962000000000001,4.819000000000001,5.047,6.281166666666667,False,1,MA20,"{""auction_amount_ratio"": 0.0, ""auction_gap"": 0.0, ""ma_bullish_rising"": 0.0, ""single_candle_cross"": 0.0}","竞价成交额占比2.80%低于8%；竞价涨幅0.18%不在[6%, 8%]；未满足MA5>MA10>MA20且三线同步向上",null
,688020.SH,方邦股份,REJECTED,0.0,2026-08-07,862235783.0,20260810,150.0,23590800.0,0.027360033606955977,0.026272577996715896,119.08399999999999,112.26299999999999,126.51850000000002,167.65266666666668,False,1,MA20,"{""auction_amount_ratio"": 0.0, ""auction_gap"": 0.0, ""ma_bullish_rising"": 0.0, ""single_candle_cross"": 0.0}","竞价成交额占比2.74%低于8%；竞价涨幅2.63%不在[6%, 8%]；未满足MA5>MA10>MA20且三线同步向上",null
,300363.SZ,博腾股份,REJECTED,0.0,2026-08-07,1383423818.1000001,20260810,21.31,36671228.26,0.026507587754535274,0.042563600782778765,17.682,16.683,16.9465,15.857999999999999,False,1,MA5,"{""auction_amount_ratio"": 0.0, ""auction_gap"": 0.0, ""ma_bullish_rising"": 0.0, ""single_candle_cross"": 0.0}","竞价成交额占比2.65%低于8%；竞价涨幅4.26%不在[6%, 8%]；未满足MA5>MA10>MA20且三线同步向上",null
,603936.SH,博敏电子,REJECTED,0.0,2026-08-07,663102985.0,20260810,16.48,17257856.0,0.026025906066461154,0.034526051475204156,13.994,13.458000000000002,14.218,20.351153389029786,False,0,,"{""auction_amount_ratio"": 0.0, ""auction_gap"": 0.0, ""ma_bullish_rising"": 0.0, ""single_candle_cross"": 0.0}","竞价成交额占比2.60%低于8%；竞价涨幅3.45%不在[6%, 8%]；未满足MA5>MA10>MA20且三线同步向上",null
,601208.SH,东材科技,REJECTED,0.0,2026-08-07,4979797228.0,20260810,47.21,118483079.0,0.02379275170760025,0.027644754026991736,39.056,38.167979816513764,41.79314263640753,54.1014416545952,False,0,,"{""auction_amount_ratio"": 0.0, ""auction_gap"": 0.0, ""ma_bullish_rising"": 0.0, ""single_candle_cross"": 0.0}","竞价成交额占比2.38%低于8%；竞价涨幅2.76%不在[6%, 8%]；未满足MA5>MA10>MA20且三线同步向上",null
,002913.SZ,奥士康,REJECTED,0.0,2026-08-07,362154847.8,20260810,55.43,8092780.0,0.022346187132828987,0.00018044027426911136,47.85,44.611000000000004,45.1355,53.3580168350908,False,1,MA60,"{""auction_amount_ratio"": 0.0, ""auction_gap"": 0.0, ""ma_bullish_rising"": 0.0, ""single_candle_cross"": 0.0}","竞价成交额占比2.23%低于8%；竞价涨幅0.02%不在[6%, 8%]；未满足MA5>MA10>MA20且三线同步向上",null
,600183.SH,生益科技,REJECTED,0.0,2026-08-07,10729352256.0,20260810,141.98,239420874.0,0.02231456925706886,0.014287755393627588,120.856,115.756,125.022,139.21086830442673,False,1,MA60,"{""auction_amount_ratio"": 0.0, ""auction_gap"": 0.0, ""ma_bullish_rising"": 0.0, ""single_candle_cross"": 0.0}","竞价成交额占比2.23%低于8%；竞价涨幅1.43%不在[6%, 8%]；未满足MA5>MA10>MA20且三线同步向上",null
,603127.SH,昭衍新药,REJECTED,0.0,2026-08-07,2888425195.0,20260810,53.0,62646000.0,0.021688635076457293,0.04146197681273334,45.769999999999996,44.965,46.4205,39.955961356165425,False,1,MA20,"{""auction_amount_ratio"": 0.0, ""auction_gap"": 0.0, ""ma_bullish_rising"": 0.0, ""single_candle_cross"": 0.0}","竞价成交额占比2.17%低于8%；竞价涨幅4.15%不在[6%, 8%]；未满足MA5>MA10>MA20且三线同步向上",null
,688265.SH,南模生物,REJECTED,0.0,2026-08-07,157960559.0,20260810,45.0,2796750.0,0.017705369097864486,0.04895104895104896,36.812,34.607000000000006,34.9005,34.801199549505114,False,1,MA5,"{""auction_amount_ratio"": 0.0, ""auction_gap"": 0.0, ""ma_bullish_rising"": 0.0, ""single_candle_cross"": 0.0}","竞价成交额占比1.77%低于8%；竞价涨幅4.90%不在[6%, 8%]；未满足MA5>MA10>MA20且三线同步向上",null
,688419.SH,耐科装备,REJECTED,0.0,2026-08-07,354893417.0,20260810,49.98,5946420.0,0.01675550944355781,0.0062411918663176635,40.403999999999996,38.225,43.60850000000001,54.9365381767168,False,1,MA20,"{""auction_amount_ratio"": 0.0, ""auction_gap"": 0.0, ""ma_bullish_rising"": 0.0, ""single_candle_cross"": 0.0}","竞价成交额占比1.68%低于8%；竞价涨幅0.62%不在[6%, 8%]；未满足MA5>MA10>MA20且三线同步向上",null
,002943.SZ,宇晶股份,REJECTED,0.0,2026-08-07,542657579.3,20260810,37.09,8923854.0,0.016444723782373605,0.03142380422691882,31.174,29.804000000000002,32.183499999999995,46.7207643005081,False,0,,"{""auction_amount_ratio"": 0.0, ""auction_gap"": 0.0, ""ma_bullish_rising"": 0.0, ""single_candle_cross"": 0.0}","竞价成交额占比1.64%低于8%；竞价涨幅3.14%不在[6%, 8%]；未满足MA5>MA10>MA20且三线同步向上",null
,603011.SH,合锻智能,REJECTED,0.0,2026-08-07,2248253731.0,20260810,23.46,33796054.0,0.015032135178518247,0.03439153439153442,20.326,18.934,19.433,25.572333333333336,False,0,,"{""auction_amount_ratio"": 0.0, ""auction_gap"": 0.0, ""ma_bullish_rising"": 0.0, ""single_candle_cross"": 0.0}","竞价成交额占比1.50%低于8%；竞价涨幅3.44%不在[6%, 8%]；未满足MA5>MA10>MA20且三线同步向上",null
,002741.SZ,光华科技,REJECTED,0.0,2026-08-07,878841129.3000001,20260810,26.16,12219336.0,0.013903919141486632,-0.005323193916349833,23.016,22.278,23.622,28.514333333333333,False,0,,"{""auction_amount_ratio"": 0.0, ""auction_gap"": 0.0, ""ma_bullish_rising"": 0.0, ""single_candle_cross"": 0.0}","竞价成交额占比1.39%低于8%；竞价涨幅-0.53%不在[6%, 8%]；未满足MA5>MA10>MA20且三线同步向上",null
,001232.SZ,C嘉立创,REJECTED,0.0,2026-08-07,4585772153.0,20260810,191.0,58407800.0,0.012736742701398667,-0.03676433506480403,,,,,False,0,,"{""auction_amount_ratio"": 0.0, ""auction_gap"": 0.0, ""ma_bullish_rising"": 0.0, ""single_candle_cross"": 0.0}","竞价成交额占比1.27%低于8%；竞价涨幅-3.68%不在[6%, 8%]；MA5/10/20/60或前一日均线数据不足",null
,002281.SZ,光迅科技,REJECTED,0.0,2026-08-07,13289069178.9,20260810,190.93,158510086.0,0.011927854680121445,-0.010930377123912094,173.81,171.871,185.463,212.5865,False,1,MA20,"{""auction_amount_ratio"": 0.0, ""auction_gap"": 0.0, ""ma_bullish_rising"": 0.0, ""single_candle_cross"": 0.0}","竞价成交额占比1.19%低于8%；竞价涨幅-1.09%不在[6%, 8%]；未满足MA5>MA10>MA20且三线同步向上",null
,603124.SH,江南新材,REJECTED,0.0,2026-08-07,1338197849.0,20260810,141.65,8782300.0,0.006562781435168784,-7.059155724964405e-05,119.896,116.06300000000002,120.17249999999999,146.83639483400918,False,0,,"{""auction_amount_ratio"": 0.0, ""auction_gap"": 0.0, ""ma_bullish_rising"": 0.0, ""single_candle_cross"": 0.0}","竞价成交额占比0.66%低于8%；竞价涨幅-0.01%不在[6%, 8%]；未满足MA5>MA10>MA20且三线同步向上",null
,605289.SH,罗曼股份,REJECTED,0.0,2026-08-07,488524439.0,20260810,105.0,2992500.0,0.006125589143760319,0.004880849842090251,92.21600000000001,90.195,98.658,113.80654227839717,False,1,MA20,"{""auction_amount_ratio"": 0.0, ""auction_gap"": 0.0, ""ma_bullish_rising"": 0.0, ""single_candle_cross"": 0.0}","竞价成交额占比0.61%低于8%；竞价涨幅0.49%不在[6%, 8%]；未满足MA5>MA10>MA20且三线同步向上",null
,603328.SH,依顿电子,REJECTED,0.0,2026-08-07,148161205.0,20260810,11.94,30834178.0,0.2081123597773115,0.10046082949308754,9.98,9.522,9.339,11.594805616565589,False,0,,"{""auction_amount_ratio"": 0.0, ""auction_gap"": 0.0, ""ma_bullish_rising"": 0.0, ""single_candle_cross"": 0.0}","竞价成交额占比20.81%超过淘汰上限20%；竞价涨幅10.05%不在[6%, 8%]；未满足MA5>MA10>MA20且三线同步向上",null
