股票代码,股票名称,信号日,实际买入日,买入价,买点,MA5,MA10,MA20,MA60,20日动量,60日动量,换手率,入场评分,条件复核,买入原因,卖出日,卖出价,卖出原因,持仓日数,收益率,盈亏,盈亏金额
001896.SZ,豫能控股,2026-03-24,2026-03-25,16.66,信号日收盘确认，下一交易日开盘买入（含5bps滑点）,15.49,15.444,14.735,9.0785,0.684945,2.188679,1469.164185,65.67,True,MA5>MA10>MA20>MA60；20日动量68.49%；当日评分65.67，评分排序最多持4只,2026-03-26,15.3272,8%固定止损,1,-0.081287,亏损,-20192.35
301658.SZ,首航新能,2026-03-24,2026-03-25,57.8675,信号日收盘确认，下一交易日开盘买入（含5bps滑点）,55.7982,52.4888,43.883,35.2132,0.85387,1.04858,2126.688232,53.89,True,MA5>MA10>MA20>MA60；20日动量85.39%；当日评分53.89，评分排序最多持4只,2026-03-27,53.1882,8%固定止损,2,-0.082148,亏损,-17601.0
600396.SH,华电辽能,2026-03-24,2026-03-25,8.01,信号日收盘确认，下一交易日开盘买入（含5bps滑点）,6.318,5.246,4.3335,3.4562,1.361371,1.587031,1607.443481,70.88,True,MA5>MA10>MA20>MA60；20日动量136.14%；当日评分70.88，评分排序最多持4只,2026-03-26,8.96,5.5%固定止盈,1,0.117037,盈利,29175.56
600821.SH,金开新能,2026-03-24,2026-03-25,11.42,信号日收盘确认，下一交易日开盘买入（含5bps滑点）,10.68,10.465,9.163,6.7485,0.647321,1.137066,3118.26001,58.15,True,MA5>MA10>MA20>MA60；20日动量64.73%；当日评分58.15，评分排序最多持4只,2026-03-26,10.5064,8%固定止损,1,-0.081287,亏损,-18950.55
000890.SZ,法尔胜,2026-03-25,2026-03-26,13.31,信号日收盘确认，下一交易日开盘买入（含5bps滑点）,13.336,12.707,10.6545,7.1845,0.866941,1.334477,2116.762939,58.33,True,MA5>MA10>MA20>MA60；20日动量86.69%；当日评分58.33，评分排序最多持4只,2026-03-30,14.0421,5.5%固定止盈,2,0.053524,盈利,13260.01
301396.SZ,宏景科技,2026-03-25,2026-03-26,114.195,信号日收盘确认，下一交易日开盘买入（含5bps滑点）,114.7845,112.6969,94.1156,70.2391,0.822383,1.660543,1158.812744,57.68,True,MA5>MA10>MA20>MA60；20日动量82.24%；当日评分57.68，评分排序最多持4只,2026-04-01,120.4757,5.5%固定止盈,4,0.053524,盈利,12844.55
600726.SH,华电能源,2026-03-25,2026-03-26,6.21,信号日收盘确认，下一交易日开盘买入（含5bps滑点）,5.52,4.896,3.8865,2.9665,1.329545,1.510204,618.041077,60.71,True,MA5>MA10>MA20>MA60；20日动量132.95%；当日评分60.71，评分排序最多持4只,2026-03-27,6.5516,5.5%固定止盈,1,0.053524,盈利,13371.2
600396.SH,华电辽能,2026-03-26,2026-03-27,9.23,信号日收盘确认，下一交易日开盘买入（含5bps滑点）,7.59,6.166,4.87,3.6443,1.715596,1.989899,2343.286133,86.89,True,MA5>MA10>MA20>MA60；20日动量171.56%；当日评分86.89，评分排序最多持4只,2026-03-30,8.46,8%固定止损,1,-0.084706,亏损,-20576.66
600666.SH,奥瑞德,2026-03-26,2026-03-27,5.32,信号日收盘确认，下一交易日开盘买入（含5bps滑点）,4.872,4.611,4.31,3.8435,0.392947,0.665663,4148.34668,50.9,True,MA5>MA10>MA20>MA60；20日动量39.29%；当日评分50.90，评分排序最多持4只,2026-03-30,5.8,5.5%固定止盈,1,0.0887,盈利,15913.68
301292.SZ,海科新源,2026-03-27,2026-03-30,98.11,信号日收盘确认，下一交易日开盘买入（含5bps滑点）,76.464,70.299,64.01,60.1965,0.648237,0.608587,3614.572266,46.53,True,MA5>MA10>MA20>MA60；20日动量64.82%；当日评分46.53，评分排序最多持4只,2026-04-01,90.2612,8%固定止损,2,-0.081287,亏损,-17557.45
600726.SH,华电能源,2026-03-27,2026-03-30,6.37,信号日收盘确认，下一交易日开盘买入（含5bps滑点）,6.102,5.426,4.29,3.1087,1.455882,1.704453,671.207397,63.16,True,MA5>MA10>MA20>MA60；20日动量145.59%；当日评分63.16，评分排序最多持4只,2026-03-31,5.6,8%固定止损,1,-0.122109,亏损,-30356.78
603618.SH,杭电股份,2026-03-27,2026-03-30,24.98,信号日收盘确认，下一交易日开盘买入（含5bps滑点）,22.062,20.755,20.2855,13.8092,0.337741,1.752835,1220.920898,47.42,True,MA5>MA10>MA20>MA60；20日动量33.77%；当日评分47.42，评分排序最多持4只,2026-03-31,27.0,5.5%固定止盈,1,0.079353,盈利,17852.53
600396.SH,华电辽能,2026-03-30,2026-03-31,7.52,信号日收盘确认，下一交易日开盘买入（含5bps滑点）,8.376,7.059,5.3915,3.8315,1.458967,1.761092,821.325073,70.26,True,MA5>MA10>MA20>MA60；20日动量145.90%；当日评分70.26，评分排序最多持4只,2026-04-01,7.9336,5.5%固定止盈,1,0.053524,盈利,13130.71
600666.SH,奥瑞德,2026-03-30,2026-03-31,6.02,信号日收盘确认，下一交易日开盘买入（含5bps滑点）,5.586,5.004,4.53,3.9395,0.612403,0.890909,3685.62915,60.49,True,MA5>MA10>MA20>MA60；20日动量61.24%；当日评分60.49，评分排序最多持4只,2026-04-02,6.3511,5.5%固定止盈,2,0.053524,盈利,12156.0
000890.SZ,法尔胜,2026-03-31,2026-04-01,15.08,信号日收盘确认，下一交易日开盘买入（含5bps滑点）,13.92,13.627,11.8455,7.7472,0.914392,1.831193,2923.043701,70.73,True,MA5>MA10>MA20>MA60；20日动量91.44%；当日评分70.73，评分排序最多持4只,2026-04-02,15.9094,5.5%固定止盈,1,0.053524,盈利,13084.86
600726.SH,华电能源,2026-03-31,2026-04-01,6.27,信号日收盘确认，下一交易日开盘买入（含5bps滑点）,6.404,5.803,4.6395,3.2328,1.356617,1.574297,696.266785,59.1,True,MA5>MA10>MA20>MA60；20日动量135.66%；当日评分59.10，评分排序最多持4只,2026-04-02,5.7684,8%固定止损,1,-0.081287,亏损,-18054.95
603618.SH,杭电股份,2026-03-31,2026-04-01,28.99,信号日收盘确认，下一交易日开盘买入（含5bps滑点）,24.87,22.544,21.193,14.4428,0.521902,2.312791,2098.875488,65.12,True,MA5>MA10>MA20>MA60；20日动量52.19%；当日评分65.12，评分排序最多持4只,2026-04-07,26.6708,8%固定止损,3,-0.081287,亏损,-19808.57
301396.SZ,宏景科技,2026-04-01,2026-04-02,126.0784,信号日收盘确认，下一交易日开盘买入（含5bps滑点）,116.8528,115.8187,105.1825,76.2419,0.7999,1.777227,1050.460327,57.16,True,MA5>MA10>MA20>MA60；20日动量79.99%；当日评分57.16，评分排序最多持4只,2026-04-07,115.9921,8%固定止损,2,-0.081287,亏损,-17434.72
600396.SH,华电辽能,2026-04-01,2026-04-02,7.46,信号日收盘确认，下一交易日开盘买入（含5bps滑点）,8.366,7.659,5.8565,3.9973,1.285714,1.54054,1952.388306,71.85,True,MA5>MA10>MA20>MA60；20日动量128.57%；当日评分71.85，评分排序最多持4只,2026-04-10,6.8632,8%固定止损,5,-0.081287,亏损,-20146.63
603538.SH,美诺华,2026-04-01,2026-04-02,27.3969,信号日收盘确认，下一交易日开盘买入（含5bps滑点）,28.2563,24.2112,20.5865,16.8327,0.958169,1.020823,2598.021973,60.92,True,MA5>MA10>MA20>MA60；20日动量95.82%；当日评分60.92，评分排序最多持4只,2026-04-03,28.9037,5.5%固定止盈,1,0.053524,盈利,12766.55
000890.SZ,法尔胜,2026-04-02,2026-04-03,15.56,信号日收盘确认，下一交易日开盘买入（含5bps滑点）,14.988,13.987,12.5045,8.0913,0.737705,2.069498,2333.209717,74.9,True,MA5>MA10>MA20>MA60；20日动量73.77%；当日评分74.90，评分排序最多持4只,2026-04-07,17.61,5.5%固定止盈,1,0.130165,盈利,32225.82
002309.SZ,中利集团,2026-04-03,2026-04-07,5.03,信号日收盘确认，下一交易日开盘买入（含5bps滑点）,4.848,4.718,4.1235,3.4988,0.445402,0.492582,4268.95166,53.68,True,MA5>MA10>MA20>MA60；20日动量44.54%；当日评分53.68，评分排序最多持4只,2026-04-09,4.6276,8%固定止损,2,-0.081287,亏损,-18289.47
300834.SZ,星辉环材,2026-04-03,2026-04-07,45.1496,信号日收盘确认，下一交易日开盘买入（含5bps滑点）,36.2914,29.6237,27.3438,25.4891,0.889203,1.053626,1880.109741,60.71,True,MA5>MA10>MA20>MA60；20日动量88.92%；当日评分60.71，评分排序最多持4只,2026-04-09,41.5377,8%固定止损,2,-0.081287,亏损,-19832.32
603538.SH,美诺华,2026-04-03,2026-04-07,29.0261,信号日收盘确认，下一交易日开盘买入（含5bps滑点）,29.3263,26.2864,21.989,17.3471,0.792918,1.053388,2661.751709,62.96,True,MA5>MA10>MA20>MA60；20日动量79.29%；当日评分62.96，评分排序最多持4只,2026-04-08,30.7619,5.5%固定止盈,1,0.058321,盈利,14399.18
000890.SZ,法尔胜,2026-04-07,2026-04-08,15.85,信号日收盘确认，下一交易日开盘买入（含5bps滑点）,16.05,14.721,13.2875,8.4812,0.976431,2.473373,1126.352051,79.62,True,MA5>MA10>MA20>MA60；20日动量97.64%；当日评分79.62，评分排序最多持4只,2026-04-10,14.582,8%固定止损,2,-0.081287,亏损,-21015.63
000720.SZ,新能泰山,2026-04-08,2026-04-09,6.5,信号日收盘确认，下一交易日开盘买入（含5bps滑点）,5.896,5.497,4.785,4.0848,0.502242,1.042683,3477.02832,65.92,True,MA5>MA10>MA20>MA60；20日动量50.22%；当日评分65.92，评分排序最多持4只,2026-04-10,5.8,8%固定止损,1,-0.108941,亏损,-26147.7
301396.SZ,宏景科技,2026-04-08,2026-04-09,134.2076,信号日收盘确认，下一交易日开盘买入（含5bps滑点）,124.4054,119.5143,114.7256,81.3622,0.64502,1.840487,1279.022583,64.54,True,MA5>MA10>MA20>MA60；20日动量64.50%；当日评分64.54，评分排序最多持4只,2026-04-10,148.7247,5.5%固定止盈,1,0.106618,盈利,24342.29
002491.SZ,通鼎互联,2026-04-09,2026-04-10,15.5,信号日收盘确认，下一交易日开盘买入（含5bps滑点）,13.944,12.761,11.662,9.5985,0.398613,1.62013,3223.507568,62.75,True,MA5>MA10>MA20>MA60；20日动量39.86%；当日评分62.75，评分排序最多持4只,2026-04-13,14.18,8%固定止损,1,-0.086441,亏损,-19441.25
600666.SH,奥瑞德,2026-04-09,2026-04-10,6.56,信号日收盘确认，下一交易日开盘买入（含5bps滑点）,6.204,6.084,5.2915,4.268,0.539906,0.923754,3348.633545,58.75,True,MA5>MA10>MA20>MA60；20日动量53.99%；当日评分58.75，评分排序最多持4只,2026-04-13,6.01,8%固定止损,1,-0.085123,亏损,-17993.32
603538.SH,美诺华,2026-04-09,2026-04-10,33.7641,信号日收盘确认，下一交易日开盘买入（含5bps滑点）,29.9324,29.0944,24.0806,18.1567,0.944444,1.241379,2944.376221,72.6,True,MA5>MA10>MA20>MA60；20日动量94.44%；当日评分72.60，评分排序最多持4只,2026-04-13,35.6212,5.5%固定止盈,1,0.053524,盈利,12478.36
688693.SH,锴威特,2026-04-09,2026-04-10,80.07,信号日收盘确认，下一交易日开盘买入（含5bps滑点）,62.762,56.459,49.2825,42.9978,0.886112,1.105687,2635.406494,66.32,True,MA5>MA10>MA20>MA60；20日动量88.61%；当日评分66.32，评分排序最多持4只,2026-04-13,84.4738,5.5%固定止盈,1,0.053524,盈利,12437.14
000890.SZ,法尔胜,2026-04-10,2026-04-13,13.1,信号日收盘确认，下一交易日开盘买入（含5bps滑点）,15.898,15.443,14.1835,8.9853,0.409722,1.646183,1869.811401,48.24,True,MA5>MA10>MA20>MA60；20日动量40.97%；当日评分48.24，评分排序最多持4只,2026-04-14,12.052,8%固定止损,1,-0.081287,亏损,-17689.07
002980.SZ,华盛昌,2026-04-10,2026-04-13,53.03,信号日收盘确认，下一交易日开盘买入（含5bps滑点）,51.668,47.104,42.5625,31.2942,0.455919,1.442857,1837.443237,46.5,True,MA5>MA10>MA20>MA60；20日动量45.59%；当日评分46.50，评分排序最多持4只,2026-04-14,59.6,5.5%固定止盈,1,0.12232,盈利,25315.52
300461.SZ,田中精机,2026-04-10,2026-04-13,73.02,信号日收盘确认，下一交易日开盘买入（含5bps滑点）,68.926,64.755,56.5625,45.8675,0.276451,2.963964,687.377075,52.59,True,MA5>MA10>MA20>MA60；20日动量27.65%；当日评分52.59，评分排序最多持4只,2026-04-14,65.86,8%固定止损,1,-0.099317,亏损,-22497.36
301362.SZ,民爆光电,2026-04-10,2026-04-13,103.7793,信号日收盘确认，下一交易日开盘买入（含5bps滑点）,88.7168,80.2395,75.5072,59.6797,0.375,2.495478,1681.093506,57.02,True,MA5>MA10>MA20>MA60；20日动量37.50%；当日评分57.02，评分排序最多持4只,2026-04-15,109.4872,5.5%固定止盈,2,0.053524,盈利,12228.87
301373.SZ,凌玮科技,2026-04-13,2026-04-14,95.8252,信号日收盘确认，下一交易日开盘买入（含5bps滑点）,84.3704,76.4616,72.4384,52.5439,0.37531,1.661777,2937.251953,59.85,True,MA5>MA10>MA20>MA60；20日动量37.53%；当日评分59.85，评分排序最多持4只,2026-04-15,88.1592,8%固定止损,1,-0.081287,亏损,-17148.57
603538.SH,美诺华,2026-04-13,2026-04-14,34.1981,信号日收盘确认，下一交易日开盘买入（含5bps滑点）,32.1151,30.7207,25.8318,18.8231,0.894758,1.29123,2062.194824,62.39,True,MA5>MA10>MA20>MA60；20日动量89.48%；当日评分62.39，评分排序最多持4只,2026-04-15,36.2185,5.5%固定止盈,1,0.057599,盈利,12812.46
688693.SH,锴威特,2026-04-13,2026-04-14,86.75,信号日收盘确认，下一交易日开盘买入（含5bps滑点）,73.386,63.641,53.3175,44.5208,0.989422,1.308511,2106.239746,65.7,True,MA5>MA10>MA20>MA60；20日动量98.94%；当日评分65.70，评分排序最多持4只,2026-04-15,95.73,5.5%固定止盈,1,0.101972,盈利,23015.9
000586.SZ,汇源通信,2026-04-14,2026-04-15,22.72,信号日收盘确认，下一交易日开盘买入（含5bps滑点）,23.072,20.32,17.6035,15.7207,0.472381,0.750189,4132.20752,54.37,True,MA5>MA10>MA20>MA60；20日动量47.24%；当日评分54.37，评分排序最多持4只,2026-04-16,20.9024,8%固定止损,1,-0.081287,亏损,-18850.98
002580.SZ,圣阳股份,2026-04-14,2026-04-15,24.4326,信号日收盘确认，下一交易日开盘买入（含5bps滑点）,19.1149,17.9921,16.238,14.177,0.691458,0.737519,3905.803467,57.52,True,MA5>MA10>MA20>MA60；20日动量69.15%；当日评分57.52，评分排序最多持4只,2026-04-16,26.5185,5.5%固定止盈,1,0.083857,盈利,19682.74
002980.SZ,华盛昌,2026-04-14,2026-04-15,68.43,信号日收盘确认，下一交易日开盘买入（含5bps滑点）,56.8,50.991,44.9955,32.608,0.659508,1.939505,1619.00708,57.04,True,MA5>MA10>MA20>MA60；20日动量65.95%；当日评分57.04，评分排序最多持4只,2026-04-16,72.1937,5.5%固定止盈,1,0.053524,盈利,12461.73
301396.SZ,宏景科技,2026-04-14,2026-04-15,158.4455,信号日收盘确认，下一交易日开盘买入（含5bps滑点）,144.1611,131.574,122.9587,87.8059,0.391663,2.105285,1320.704834,51.12,True,MA5>MA10>MA20>MA60；20日动量39.17%；当日评分51.12，评分排序最多持4只,2026-04-16,177.0093,5.5%固定止盈,1,0.115599,盈利,23827.69
002328.SZ,新朋股份,2026-04-15,2026-04-16,12.3469,信号日收盘确认，下一交易日开盘买入（含5bps滑点）,10.7467,9.2671,8.0028,7.3118,0.857355,0.736111,4010.927979,62.2,True,MA5>MA10>MA20>MA60；20日动量85.74%；当日评分62.20，评分排序最多持4只,2026-04-17,13.0778,5.5%固定止盈,1,0.057718,盈利,13620.95
600396.SH,华电辽能,2026-04-15,2026-04-16,7.68,信号日收盘确认，下一交易日开盘买入（含5bps滑点）,7.432,7.43,7.427,4.6748,0.712766,1.701342,2982.434082,64.57,True,MA5>MA10>MA20>MA60；20日动量71.28%；当日评分64.57，评分排序最多持4只,2026-04-17,7.29,均线走弱信号,1,-0.052109,亏损,-12735.23
603538.SH,美诺华,2026-04-15,2026-04-16,39.484,信号日收盘确认，下一交易日开盘买入（含5bps滑点）,35.5171,32.3185,27.7871,19.5842,1.105463,1.621634,2075.983398,65.36,True,MA5>MA10>MA20>MA60；20日动量110.55%；当日评分65.36，评分排序最多持4只,2026-04-20,36.3253,8%固定止损,2,-0.081287,亏损,-19591.89
688693.SH,锴威特,2026-04-15,2026-04-16,93.0,信号日收盘确认，下一交易日开盘买入（含5bps滑点）,86.27,71.892,58.674,46.386,1.356683,1.417702,1717.916626,65.42,True,MA5>MA10>MA20>MA60；20日动量135.67%；当日评分65.42，评分排序最多持4只,2026-04-17,98.115,5.5%固定止盈,1,0.053524,盈利,12951.17
002980.SZ,华盛昌,2026-04-16,2026-04-17,66.4,信号日收盘确认，下一交易日开盘买入（含5bps滑点）,62.494,55.97,48.039,34.1497,0.738687,2.007692,3110.77417,58.33,True,MA5>MA10>MA20>MA60；20日动量73.87%；当日评分58.33，评分排序最多持4只,2026-04-20,75.18,5.5%固定止盈,1,0.130645,盈利,32119.3
301362.SZ,民爆光电,2026-04-16,2026-04-17,108.4489,信号日收盘确认，下一交易日开盘买入（含5bps滑点）,105.7641,94.1285,81.9273,64.8367,0.511741,2.766014,1227.062378,53.73,True,MA5>MA10>MA20>MA60；20日动量51.17%；当日评分53.73，评分排序最多持4只,2026-04-20,114.4136,5.5%固定止盈,1,0.053524,盈利,12198.24
301396.SZ,宏景科技,2026-04-16,2026-04-17,203.424,信号日收盘确认，下一交易日开盘买入（含5bps滑点）,163.5814,145.7085,130.7636,92.3458,0.839573,2.989249,1063.626343,62.37,True,MA5>MA10>MA20>MA60；20日动量83.96%；当日评分62.37，评分排序最多持4只,2026-04-21,187.1501,8%固定止损,2,-0.081287,亏损,-19856.79
002580.SZ,圣阳股份,2026-04-17,2026-04-20,33.5149,信号日收盘确认，下一交易日开盘买入（含5bps滑点）,25.4506,21.0461,18.4417,14.915,1.263508,1.345092,1819.424438,58.2,True,MA5>MA10>MA20>MA60；20日动量126.35%；当日评分58.20，评分排序最多持4只,2026-04-21,29.8421,8%固定止损,1,-0.110835,亏损,-26392.25
603629.SH,利通电子,2026-04-17,2026-04-20,77.0857,信号日收盘确认，下一交易日开盘买入（含5bps滑点）,63.0775,55.8864,50.2031,39.9288,0.548994,2.557355,1032.378418,56.59,True,MA5>MA10>MA20>MA60；20日动量54.90%；当日评分56.59，评分排序最多持4只,2026-04-21,70.9188,8%固定止损,1,-0.081287,亏损,-18811.37
688693.SH,锴威特,2026-04-17,2026-04-20,98.81,信号日收盘确认，下一交易日开盘买入（含5bps滑点）,93.516,80.629,64.5905,48.4108,1.567036,1.757445,1931.957886,70.72,True,MA5>MA10>MA20>MA60；20日动量156.70%；当日评分70.72，评分排序最多持4只,2026-04-21,90.9052,8%固定止损,1,-0.081287,亏损,-20094.0
002361.SZ,神剑股份,2026-04-20,2026-04-21,21.47,信号日收盘确认，下一交易日开盘买入（含5bps滑点）,18.806,17.566,15.825,13.8703,0.837044,0.264868,4018.894775,53.92,True,MA5>MA10>MA20>MA60；20日动量83.70%；当日评分53.92，评分排序最多持4只,2026-04-22,22.6508,5.5%固定止盈,1,0.053524,盈利,10694.68
002980.SZ,华盛昌,2026-04-20,2026-04-21,76.12,信号日收盘确认，下一交易日开盘买入（含5bps滑点）,70.454,62.283,51.7815,35.9287,1.095647,2.508772,2643.165283,81.74,True,MA5>MA10>MA20>MA60；20日动量109.56%；当日评分81.74，评分排序最多持4只,2026-04-22,81.44,5.5%固定止盈,1,0.068393,盈利,15629.12
301362.SZ,民爆光电,2026-04-20,2026-04-21,105.6971,信号日收盘确认，下一交易日开盘买入（含5bps滑点）,107.8829,101.0802,85.7261,67.4126,0.568634,2.602174,1279.497437,61.2,True,MA5>MA10>MA20>MA60；20日动量56.86%；当日评分61.20，评分排序最多持4只,2026-04-23,111.5104,5.5%固定止盈,2,0.053524,盈利,11888.71
301373.SZ,凌玮科技,2026-04-20,2026-04-21,99.4459,信号日收盘确认，下一交易日开盘买入（含5bps滑点）,93.1979,88.7842,78.0446,57.4805,0.52826,1.866667,1732.3125,53.08,True,MA5>MA10>MA20>MA60；20日动量52.83%；当日评分53.08，评分排序最多持4只,2026-04-23,91.4903,8%固定止损,2,-0.081287,亏损,-15369.73
301396.SZ,宏景科技,2026-04-21,2026-04-22,200.5549,信号日收盘确认，下一交易日开盘买入（含5bps滑点）,197.2161,170.6886,143.7722,99.5366,0.85183,2.635689,963.749268,62.09,True,MA5>MA10>MA20>MA60；20日动量85.18%；当日评分62.09，评分排序最多持4只,2026-04-23,226.9625,5.5%固定止盈,1,0.130089,盈利,28719.15
603629.SH,利通电子,2026-04-21,2026-04-22,72.3035,信号日收盘确认，下一交易日开盘买入（含5bps滑点）,71.0487,61.9569,53.4029,41.7042,0.758297,2.378631,1030.165894,57.11,True,MA5>MA10>MA20>MA60；20日动量75.83%；当日评分57.11，评分排序最多持4只,2026-04-23,77.0857,5.5%固定止盈,1,0.064649,盈利,14500.54
002297.SZ,博云新材,2026-04-22,2026-04-23,20.54,信号日收盘确认，下一交易日开盘买入（含5bps滑点）,18.502,15.46,13.1585,12.6132,0.921402,0.638934,3435.216797,51.11,True,MA5>MA10>MA20>MA60；20日动量92.14%；当日评分51.11，评分排序最多持4只,2026-04-24,21.6697,5.5%固定止盈,1,0.053524,盈利,11331.58
002361.SZ,神剑股份,2026-04-22,2026-04-23,23.65,信号日收盘确认，下一交易日开盘买入（含5bps滑点）,20.996,18.997,17.042,14.1778,1.13063,0.79031,4300.209473,62.88,True,MA5>MA10>MA20>MA60；20日动量113.06%；当日评分62.88，评分排序最多持4只,2026-04-24,21.758,8%固定止损,1,-0.081287,亏损,-20199.75
002580.SZ,圣阳股份,2026-04-22,2026-04-23,25.9596,信号日收盘确认，下一交易日开盘买入（含5bps滑点）,29.5047,25.2669,20.8081,15.7381,0.89172,0.993289,4199.59375,59.96,True,MA5>MA10>MA20>MA60；20日动量89.17%；当日评分59.96，评分排序最多持4只,2026-04-24,27.3874,5.5%固定止盈,1,0.053524,盈利,13209.14
002980.SZ,华盛昌,2026-04-22,2026-04-23,80.0,信号日收盘确认，下一交易日开盘买入（含5bps滑点）,76.202,68.269,56.243,37.8968,1.110158,2.57011,1907.069336,66.24,True,MA5>MA10>MA20>MA60；20日动量111.02%；当日评分66.24，评分排序最多持4只,2026-04-28,84.4,5.5%固定止盈,3,0.053524,盈利,13283.25
003018.SZ,金富科技,2026-04-23,2026-04-24,42.6486,信号日收盘确认，下一交易日开盘买入（含5bps滑点）,39.3927,34.3642,29.5025,22.5994,1.135283,2.101359,936.464539,51.0,True,MA5>MA10>MA20>MA60；20日动量113.53%；当日评分51.00，评分排序最多持4只,2026-04-27,46.5416,5.5%固定止盈,1,0.089755,盈利,19536.0
301396.SZ,宏景科技,2026-04-23,2026-04-24,234.7349,信号日收盘确认，下一交易日开盘买入（含5bps滑点）,215.346,189.4637,155.9039,105.5759,1.036847,3.498381,909.162415,64.27,True,MA5>MA10>MA20>MA60；20日动量103.68%；当日评分64.27，评分排序最多持4只,2026-04-29,211.2607,8%固定止损,3,-0.101262,亏损,-23786.39
603629.SH,利通电子,2026-04-23,2026-04-24,79.7123,信号日收盘确认，下一交易日开盘买入（含5bps滑点）,76.8844,67.6427,57.1508,43.6642,0.858328,2.903485,1226.770752,56.4,True,MA5>MA10>MA20>MA60；20日动量85.83%；当日评分56.40，评分排序最多持4只,2026-04-28,85.1868,5.5%固定止盈,2,0.067183,盈利,16077.24
002361.SZ,神剑股份,2026-04-24,2026-04-27,20.39,信号日收盘确认，下一交易日开盘买入（含5bps滑点）,22.284,20.152,18.081,14.5345,0.730645,0.922939,3979.779785,54.47,True,MA5>MA10>MA20>MA60；20日动量73.06%；当日评分54.47，评分排序最多持4只,2026-04-28,21.5114,5.5%固定止盈,1,0.053524,盈利,13651.49
002580.SZ,圣阳股份,2026-04-27,2026-04-28,28.3949,信号日收盘确认，下一交易日开盘买入（含5bps滑点）,27.9298,27.8998,22.5986,16.4687,0.771358,1.18997,3521.771484,56.39,True,MA5>MA10>MA20>MA60；20日动量77.14%；当日评分56.39，评分排序最多持4只,2026-05-07,29.9566,5.5%固定止盈,4,0.053524,盈利,13839.94
301373.SZ,凌玮科技,2026-04-27,2026-04-28,119.7042,信号日收盘确认，下一交易日开盘买入（含5bps滑点）,106.3702,99.7841,88.1229,63.4504,0.63946,2.322875,2510.068848,60.46,True,MA5>MA10>MA20>MA60；20日动量63.95%；当日评分60.46，评分排序最多持4只,2026-05-07,126.2879,5.5%固定止盈,4,0.053524,盈利,14105.38
688677.SH,海泰新光,2026-04-27,2026-04-28,121.6201,信号日收盘确认，下一交易日开盘买入（含5bps滑点）,100.8929,88.7886,76.8068,54.6708,1.979428,1.429624,542.936157,54.25,True,MA5>MA10>MA20>MA60；20日动量197.94%；当日评分54.25，评分排序最多持4只,2026-04-29,111.8905,8%固定止损,1,-0.081287,亏损,-19786.13
002980.SZ,华盛昌,2026-04-28,2026-04-29,84.0,信号日收盘确认，下一交易日开盘买入（含5bps滑点）,81.074,77.57,64.2805,41.7732,0.942896,2.706318,1804.323608,63.46,True,MA5>MA10>MA20>MA60；20日动量94.29%；当日评分63.46，评分排序最多持4只,2026-04-30,77.28,8%固定止损,1,-0.081287,亏损,-19132.11
688530.SH,欧莱新材,2026-04-28,2026-04-29,51.68,信号日收盘确认，下一交易日开盘买入（含5bps滑点）,43.116,38.321,34.299,31.4068,0.731063,1.762316,4556.320801,66.76,True,MA5>MA10>MA20>MA60；20日动量73.11%；当日评分66.76，评分排序最多持4只,2026-04-30,54.5224,5.5%固定止盈,1,0.053524,盈利,13563.49
002297.SZ,博云新材,2026-04-29,2026-04-30,23.44,信号日收盘确认，下一交易日开盘买入（含5bps滑点）,22.172,20.337,16.001,13.425,1.123513,0.877832,3726.442383,68.69,True,MA5>MA10>MA20>MA60；20日动量112.35%；当日评分68.69，评分排序最多持4只,2026-05-06,24.7292,5.5%固定止盈,1,0.053524,盈利,12805.91
301396.SZ,宏景科技,2026-04-29,2026-04-30,230.5239,信号日收盘确认，下一交易日开盘买入（含5bps滑点）,234.4479,221.763,179.8049,117.4374,1.136147,3.005505,926.668945,73.06,True,MA5>MA10>MA20>MA60；20日动量113.61%；当日评分73.06，评分排序最多持4只,2026-05-06,243.2027,5.5%固定止盈,1,0.053524,盈利,12347.21
603629.SH,利通电子,2026-04-30,2026-05-06,107.0277,信号日收盘确认，下一交易日开盘买入（含5bps滑点）,87.5022,82.1933,67.4275,48.9922,1.192348,3.167676,1239.329346,78.87,True,MA5>MA10>MA20>MA60；20日动量119.23%；当日评分78.87，评分排序最多持4只,2026-05-07,114.3437,5.5%固定止盈,1,0.066861,盈利,16470.4
688530.SH,欧莱新材,2026-04-30,2026-05-06,54.26,信号日收盘确认，下一交易日开盘买入（含5bps滑点）,48.398,42.272,36.512,32.4935,0.788235,1.78534,3294.353027,70.77,True,MA5>MA10>MA20>MA60；20日动量78.82%；当日评分70.77，评分排序最多持4只,2026-05-07,57.2443,5.5%固定止盈,1,0.053524,盈利,12787.49
002297.SZ,博云新材,2026-05-06,2026-05-07,24.33,信号日收盘确认，下一交易日开盘买入（含5bps滑点）,22.966,21.811,17.3315,13.8235,1.202752,0.999167,3685.131592,62.13,True,MA5>MA10>MA20>MA60；20日动量120.28%；当日评分62.13，评分排序最多持4只,2026-05-08,25.6681,5.5%固定止盈,1,0.053524,盈利,14595.29
002980.SZ,华盛昌,2026-05-06,2026-05-07,76.32,信号日收盘确认，下一交易日开盘买入（含5bps滑点）,80.614,80.268,69.68,44.6018,0.809546,2.438549,1760.137695,54.96,True,MA5>MA10>MA20>MA60；20日动量80.95%；当日评分54.96，评分排序最多持4只,2026-05-08,82.03,5.5%固定止盈,1,0.073313,盈利,19037.12
300209.SZ,行云科技,2026-05-06,2026-05-07,21.19,信号日收盘确认，下一交易日开盘买入（含5bps滑点）,16.558,14.91,13.4065,10.359,1.230523,1.935393,1925.345459,58.76,True,MA5>MA10>MA20>MA60；20日动量123.05%；当日评分58.76，评分排序最多持4只,2026-05-08,23.01,5.5%固定止盈,1,0.08437,盈利,23078.87
301511.SZ,德福科技,2026-05-06,2026-05-07,88.9377,信号日收盘确认，下一交易日开盘买入（含5bps滑点）,74.4571,67.3586,55.8468,41.9935,1.36478,1.984127,1179.906372,55.98,True,MA5>MA10>MA20>MA60；20日动量136.48%；当日评分55.98，评分排序最多持4只,2026-05-08,93.8292,5.5%固定止盈,1,0.053524,盈利,13814.54
301373.SZ,凌玮科技,2026-05-07,2026-05-08,137.6683,信号日收盘确认，下一交易日开盘买入（含5bps滑点）,120.3326,113.3514,101.0678,70.5508,1.026792,2.907035,1797.559326,65.51,True,MA5>MA10>MA20>MA60；20日动量102.68%；当日评分65.51，评分排序最多持4只,2026-05-12,145.24,5.5%固定止盈,2,0.053524,盈利,15484.81
603399.SH,永杉锂业,2026-05-07,2026-05-08,22.97,信号日收盘确认，下一交易日开盘买入（含5bps滑点）,19.392,16.623,14.3995,12.1022,1.07156,0.920068,3233.93457,57.4,True,MA5>MA10>MA20>MA60；20日动量107.16%；当日评分57.40，评分排序最多持4只,2026-05-11,24.2333,5.5%固定止盈,1,0.053524,盈利,13902.48
603629.SH,利通电子,2026-05-07,2026-05-08,109.2118,信号日收盘确认，下一交易日开盘买入（含5bps滑点）,101.6646,89.6456,74.474,51.9606,1.66375,3.655294,1109.159424,79.15,True,MA5>MA10>MA20>MA60；20日动量166.37%；当日评分79.15，评分排序最多持4只,2026-05-11,119.5899,5.5%固定止盈,1,0.093494,盈利,26566.42
688530.SH,欧莱新材,2026-05-07,2026-05-08,55.21,信号日收盘确认，下一交易日开盘买入（含5bps滑点）,53.996,46.616,39.302,33.6727,0.979239,1.662942,2332.329834,56.03,True,MA5>MA10>MA20>MA60；20日动量97.92%；当日评分56.03，评分排序最多持4只,2026-05-11,58.2465,5.5%固定止盈,1,0.053524,盈利,13307.09
002297.SZ,博云新材,2026-05-08,2026-05-11,26.46,信号日收盘确认，下一交易日开盘买入（含5bps滑点）,24.436,23.012,18.785,14.2685,1.396086,1.206867,2919.013184,65.73,True,MA5>MA10>MA20>MA60；20日动量139.61%；当日评分65.73，评分排序最多持4只,2026-05-12,24.3432,8%固定止损,1,-0.081287,亏损,-24536.93
300209.SZ,行云科技,2026-05-08,2026-05-11,22.99,信号日收盘确认，下一交易日开盘买入（含5bps滑点）,20.252,16.879,14.75,10.8763,1.386037,2.074074,1625.77771,64.03,True,MA5>MA10>MA20>MA60；20日动量138.60%；当日评分64.03，评分排序最多持4只,2026-05-12,24.2544,5.5%固定止盈,1,0.053524,盈利,15761.65
600396.SH,华电辽能,2026-05-08,2026-05-11,12.67,信号日收盘确认，下一交易日开盘买入（含5bps滑点）,11.14,10.459,8.969,6.2083,0.654255,3.06536,2385.533447,67.63,True,MA5>MA10>MA20>MA60；20日动量65.43%；当日评分67.63，评分排序最多持4只,2026-05-12,14.0,5.5%固定止盈,1,0.103426,盈利,31471.94
002580.SZ,圣阳股份,2026-05-11,2026-05-12,34.523,信号日收盘确认，下一交易日开盘买入（含5bps滑点）,30.8082,29.5357,27.4013,18.5008,1.185587,1.75261,3856.628418,71.7,True,MA5>MA10>MA20>MA60；20日动量118.56%；当日评分71.70，评分排序最多持4只,2026-05-13,31.7611,8%固定止损,1,-0.081287,亏损,-25554.96
300489.SZ,光智科技,2026-05-11,2026-05-12,130.0,信号日收盘确认，下一交易日开盘买入（含5bps滑点）,112.808,104.149,87.8825,58.982,1.498047,1.998125,1132.358521,61.26,True,MA5>MA10>MA20>MA60；20日动量149.80%；当日评分61.26，评分排序最多持4只,2026-05-15,119.6,8%固定止损,3,-0.081287,亏损,-23264.38
301511.SZ,德福科技,2026-05-11,2026-05-12,91.9149,信号日收盘确认，下一交易日开盘买入（含5bps滑点）,89.0475,77.5762,63.9248,45.1982,1.254673,2.234761,1498.150146,61.6,True,MA5>MA10>MA20>MA60；20日动量125.47%；当日评分61.60，评分排序最多持4只,2026-05-13,96.9702,5.5%固定止盈,1,0.053524,盈利,15753.92
603629.SH,利通电子,2026-05-11,2026-05-12,116.2138,信号日收盘确认，下一交易日开盘买入（含5bps滑点）,113.0518,98.2835,81.4692,54.9568,1.312784,2.957705,1216.460938,68.73,True,MA5>MA10>MA20>MA60；20日动量131.28%；当日评分68.73，评分排序最多持4只,2026-05-13,122.6055,5.5%固定止盈,1,0.053524,盈利,16806.38
300209.SZ,行云科技,2026-05-12,2026-05-13,25.16,信号日收盘确认，下一交易日开盘买入（含5bps滑点）,23.176,19.095,16.0265,11.4608,1.178151,2.615063,1919.761963,65.9,True,MA5>MA10>MA20>MA60；20日动量117.82%；当日评分65.90，评分排序最多持4只,2026-05-14,26.5438,5.5%固定止盈,1,0.053524,盈利,15632.25
300736.SZ,百邦科技,2026-05-12,2026-05-13,44.01,信号日收盘确认，下一交易日开盘买入（含5bps滑点）,35.146,31.158,27.383,22.7412,1.235556,1.55186,3274.202637,66.93,True,MA5>MA10>MA20>MA60；20日动量123.56%；当日评分66.93，评分排序最多持4只,2026-05-14,48.01,5.5%固定止盈,1,0.089362,盈利,26368.43
600396.SH,华电辽能,2026-05-12,2026-05-13,15.05,信号日收盘确认，下一交易日开盘买入（含5bps滑点）,12.816,11.455,9.6645,6.5858,1.107843,3.934426,2244.531982,79.46,True,MA5>MA10>MA20>MA60；20日动量110.78%；当日评分79.46，评分排序最多持4只,2026-05-14,17.65,5.5%固定止盈,1,0.171117,盈利,53861.59
002297.SZ,博云新材,2026-05-13,2026-05-14,26.15,信号日收盘确认，下一交易日开盘买入（含5bps滑点）,25.172,24.069,20.8865,14.9107,1.381603,1.000765,3496.424072,66.59,True,MA5>MA10>MA20>MA60；20日动量138.16%；当日评分66.59，评分排序最多持4只,2026-05-19,24.058,8%固定止损,3,-0.081287,亏损,-27227.46
301511.SZ,德福科技,2026-05-13,2026-05-14,95.9711,信号日收盘确认，下一交易日开盘买入（含5bps滑点）,95.1619,84.8095,69.2843,47.4899,1.334552,2.505834,1150.776733,60.05,True,MA5>MA10>MA20>MA60；20日动量133.46%；当日评分60.05，评分排序最多持4只,2026-05-19,101.2496,5.5%固定止盈,3,0.053524,盈利,16449.15
603629.SH,利通电子,2026-05-13,2026-05-14,124.9073,信号日收盘确认，下一交易日开盘买入（含5bps滑点）,116.829,105.6937,87.9794,57.8787,1.376307,3.31775,1113.767944,67.88,True,MA5>MA10>MA20>MA60；20日动量137.63%；当日评分67.88，评分排序最多持4只,2026-05-22,132.5731,5.5%固定止盈,6,0.059887,盈利,19462.31
600396.SH,华电辽能,2026-05-14,2026-05-15,15.8,信号日收盘确认，下一交易日开盘买入（含5bps滑点）,14.874,12.843,10.6275,7.0353,1.279452,4.367742,2453.712891,88.99,True,MA5>MA10>MA20>MA60；20日动量127.95%；当日评分88.99，评分排序最多持4只,2026-05-18,16.669,5.5%固定止盈,1,0.053524,盈利,17433.2
300632.SZ,光莆股份,2026-05-15,2026-05-18,33.8928,信号日收盘确认，下一交易日开盘买入（含5bps滑点）,30.1666,26.9648,22.1041,17.1672,0.979787,1.569971,3166.974365,62.13,True,MA5>MA10>MA20>MA60；20日动量97.98%；当日评分62.13，评分排序最多持4只,2026-05-19,35.757,5.5%固定止盈,1,0.053524,盈利,17790.45
300721.SZ,怡达股份,2026-05-18,2026-05-19,34.11,信号日收盘确认，下一交易日开盘买入（含5bps滑点）,25.494,23.012,20.356,16.8602,1.218325,0.782059,3912.83374,66.91,True,MA5>MA10>MA20>MA60；20日动量121.83%；当日评分66.91，评分排序最多持4只,2026-05-22,31.3812,8%固定止损,3,-0.081287,亏损,-27191.51
600396.SH,华电辽能,2026-05-18,2026-05-19,14.15,信号日收盘确认，下一交易日开盘买入（含5bps滑点）,16.274,14.032,11.4795,7.4825,0.949068,3.996815,1592.823975,73.21,True,MA5>MA10>MA20>MA60；20日动量94.91%；当日评分73.21，评分排序最多持4只,2026-05-20,15.55,5.5%固定止盈,1,0.097403,盈利,33101.05
688549.SH,中巨芯-U,2026-05-18,2026-05-19,17.75,信号日收盘确认，下一交易日开盘买入（含5bps滑点）,15.098,13.811,11.9015,10.2672,1.037199,1.034973,3574.716064,62.65,True,MA5>MA10>MA20>MA60；20日动量103.72%；当日评分62.65，评分排序最多持4只,2026-05-21,16.33,8%固定止损,2,-0.081287,亏损,-25556.25
300302.SZ,同有科技,2026-05-19,2026-05-20,57.5,信号日收盘确认，下一交易日开盘买入（含5bps滑点）,48.824,42.872,33.967,25.1203,1.526584,2.198708,3045.252686,75.5,True,MA5>MA10>MA20>MA60；20日动量152.66%；当日评分75.50，评分排序最多持4只,2026-05-22,52.9,8%固定止损,2,-0.081287,亏损,-28063.68
600396.SH,华电辽能,2026-05-20,2026-05-21,14.5,信号日收盘确认，下一交易日开盘买入（含5bps滑点）,16.09,15.018,12.2925,7.8893,1.036415,3.615873,1390.805176,65.31,True,MA5>MA10>MA20>MA60；20日动量103.64%；当日评分65.31，评分排序最多持4只,2026-05-25,15.2975,5.5%固定止盈,2,0.053524,盈利,18328.75
300632.SZ,光莆股份,2026-05-21,2026-05-22,36.5943,信号日收盘确认，下一交易日开盘买入（含5bps滑点）,37.4117,32.7654,26.1807,18.7665,1.158596,1.543509,3161.533936,58.07,True,MA5>MA10>MA20>MA60；20日动量115.86%；当日评分58.07，评分排序最多持4只,2026-05-25,33.6668,8%固定止损,1,-0.081287,亏损,-25599.85
603115.SH,海星股份,2026-05-21,2026-05-22,106.2735,信号日收盘确认，下一交易日开盘买入（含5bps滑点）,90.3245,77.7528,67.5583,46.6404,1.389065,3.017477,488.304626,61.05,True,MA5>MA10>MA20>MA60；20日动量138.91%；当日评分61.05，评分排序最多持4只,2026-05-25,120.5129,5.5%固定止盈,1,0.132402,盈利,43650.19
603779.SH,威龙股份,2026-05-21,2026-05-22,13.07,信号日收盘确认，下一交易日开盘买入（含5bps滑点）,12.11,9.921,8.093,7.0502,1.341936,1.107402,4262.981445,63.4,True,MA5>MA10>MA20>MA60；20日动量134.19%；当日评分63.40，评分排序最多持4只,2026-05-25,13.7888,5.5%固定止盈,1,0.053524,盈利,17781.24
002980.SZ,华盛昌,2026-05-22,2026-05-25,121.23,信号日收盘确认，下一交易日开盘买入（含5bps滑点）,108.55,98.738,89.87,59.3343,0.415815,3.958671,1520.49585,58.27,True,MA5>MA10>MA20>MA60；20日动量41.58%；当日评分58.27，评分排序最多持4只,2026-05-26,133.55,5.5%固定止盈,1,0.100084,盈利,33996.63
300209.SZ,行云科技,2026-05-22,2026-05-25,31.2,信号日收盘确认，下一交易日开盘买入（含5bps滑点）,28.37,26.889,21.884,14.103,1.408418,3.055118,1602.341797,69.31,True,MA5>MA10>MA20>MA60；20日动量140.84%；当日评分69.31，评分排序最多持4只,2026-05-26,28.704,8%固定止损,1,-0.081287,亏损,-28171.05
300721.SZ,怡达股份,2026-05-22,2026-05-25,31.96,信号日收盘确认，下一交易日开盘买入（含5bps滑点）,32.394,28.016,24.0505,17.9643,1.248089,1.065773,2582.507568,54.15,True,MA5>MA10>MA20>MA60；20日动量124.81%；当日评分54.15，评分排序最多持4只,2026-05-26,29.4032,8%固定止损,1,-0.081287,亏损,-25997.54
688260.SH,昀冢科技,2026-05-22,2026-05-25,80.0,信号日收盘确认，下一交易日开盘买入（含5bps滑点）,59.98,55.232,45.267,34.345,1.498625,1.443212,1228.89624,53.23,True,MA5>MA10>MA20>MA60；20日动量149.86%；当日评分53.23，评分排序最多持4只,2026-05-27,84.4,5.5%固定止盈,2,0.053524,盈利,16711.19
300069.SZ,金利华电,2026-05-25,2026-05-26,50.0,信号日收盘确认，下一交易日开盘买入（含5bps滑点）,43.454,34.902,28.8105,22.73,1.25138,1.856681,3286.371582,63.64,True,MA5>MA10>MA20>MA60；20日动量125.14%；当日评分63.64，评分排序最多持4只,2026-05-27,52.75,5.5%固定止盈,1,0.053524,盈利,18210.91
300632.SZ,光莆股份,2026-05-25,2026-05-26,36.1856,信号日收盘确认，下一交易日开盘买入（含5bps滑点）,38.265,35.2316,28.1834,19.5384,1.233568,1.665266,3023.744629,59.84,True,MA5>MA10>MA20>MA60；20日动量123.36%；当日评分59.84，评分排序最多持4只,2026-05-27,31.9988,8%固定止损,1,-0.11694,亏损,-39804.25
603115.SH,海星股份,2026-05-25,2026-05-26,108.2636,信号日收盘确认，下一交易日开盘买入（含5bps滑点）,104.5659,88.2717,73.9407,49.5853,1.132561,3.11752,716.510071,54.94,True,MA5>MA10>MA20>MA60；20日动量113.26%；当日评分54.94，评分排序最多持4只,2026-05-28,114.2181,5.5%固定止盈,2,0.053524,盈利,16816.41
002980.SZ,华盛昌,2026-05-26,2026-05-27,111.01,信号日收盘确认，下一交易日开盘买入（含5bps滑点）,115.344,106.327,94.19,62.5768,0.521739,3.59793,2157.055664,64.43,True,MA5>MA10>MA20>MA60；20日动量52.17%；当日评分64.43，评分排序最多持4只,2026-05-28,117.39,5.5%固定止盈,1,0.055993,盈利,18660.35
300209.SZ,行云科技,2026-05-26,2026-05-27,26.41,信号日收盘确认，下一交易日开盘买入（含5bps滑点）,28.526,27.547,23.321,14.7627,0.981032,2.223457,1786.020142,56.0,True,MA5>MA10>MA20>MA60；20日动量98.10%；当日评分56.00，评分排序最多持4只,2026-05-28,27.8625,5.5%固定止盈,1,0.053524,盈利,17257.62
300959.SZ,线上线下,2026-05-26,2026-05-27,207.31,信号日收盘确认，下一交易日开盘买入（含5bps滑点）,190.544,175.97,136.571,99.7642,1.16137,1.412847,2317.137451,54.48,True,MA5>MA10>MA20>MA60；20日动量116.14%；当日评分54.48，评分排序最多持4只,2026-05-28,221.84,5.5%固定止盈,1,0.068591,盈利,21344.39
002552.SZ,宝鼎科技,2026-05-27,2026-05-28,48.79,信号日收盘确认，下一交易日开盘买入（含5bps滑点）,43.706,39.612,32.922,23.396,1.417703,1.426993,1330.001709,50.67,True,MA5>MA10>MA20>MA60；20日动量141.77%；当日评分50.67，评分排序最多持4只,2026-05-29,54.8,5.5%固定止盈,1,0.12161,盈利,39781.15
300069.SZ,金利华电,2026-05-27,2026-05-28,52.8,信号日收盘确认，下一交易日开盘买入（含5bps滑点）,51.04,40.368,31.79,23.8513,1.407044,1.841579,2356.526855,61.52,True,MA5>MA10>MA20>MA60；20日动量140.70%；当日评分61.52，评分排序最多持4只,2026-05-29,48.576,8%固定止损,1,-0.081287,亏损,-29205.75
603629.SH,利通电子,2026-05-27,2026-05-28,151.6732,信号日收盘确认，下一交易日开盘买入（含5bps滑点）,143.2195,133.7572,119.7255,73.8786,0.956498,3.02406,668.52594,55.77,True,MA5>MA10>MA20>MA60；20日动量95.65%；当日评分55.77，评分排序最多持4只,2026-05-29,164.1639,5.5%固定止盈,1,0.080839,盈利,28220.2
688260.SH,昀冢科技,2026-05-27,2026-05-28,83.93,信号日收盘确认，下一交易日开盘买入（含5bps滑点）,75.57,64.416,52.891,36.6652,1.750487,1.47793,1019.375305,54.94,True,MA5>MA10>MA20>MA60；20日动量175.05%；当日评分54.94，评分排序最多持4只,2026-05-29,92.0,5.5%固定止盈,1,0.094618,盈利,33376.76
300209.SZ,行云科技,2026-05-28,2026-05-29,29.01,信号日收盘确认，下一交易日开盘买入（含5bps滑点）,28.08,27.735,24.692,15.391,1.141667,2.472973,1308.41626,49.96,True,MA5>MA10>MA20>MA60；20日动量114.17%；当日评分49.96，评分排序最多持4只,2026-06-01,26.6892,8%固定止损,1,-0.081287,亏损,-28317.47
300975.SZ,商络电子,2026-05-28,2026-05-29,36.927,信号日收盘确认，下一交易日开盘买入（含5bps滑点）,29.5556,26.2372,24.2626,20.2497,0.870952,1.372078,2595.758789,46.54,True,MA5>MA10>MA20>MA60；20日动量87.10%；当日评分46.54，评分排序最多持4只,2026-06-01,38.958,5.5%固定止盈,1,0.053524,盈利,17405.24
600396.SH,华电辽能,2026-05-28,2026-05-29,19.18,信号日收盘确认，下一交易日开盘买入（含5bps滑点）,17.058,16.333,14.588,9.2262,0.903162,4.732143,2376.008057,71.75,True,MA5>MA10>MA20>MA60；20日动量90.32%；当日评分71.75，评分排序最多持4只,2026-06-02,17.6456,8%固定止损,2,-0.081287,亏损,-30579.49
688143.SH,长盈通,2026-05-28,2026-05-29,170.5723,信号日收盘确认，下一交易日开盘买入（含5bps滑点）,150.9352,139.8413,105.7323,75.7025,1.494899,1.910575,869.058044,47.92,True,MA5>MA10>MA20>MA60；20日动量149.49%；当日评分47.92，评分排序最多持4只,2026-06-01,156.9265,8%固定止损,1,-0.081287,亏损,-26362.56
002552.SZ,宝鼎科技,2026-05-29,2026-06-01,51.93,信号日收盘确认，下一交易日开盘买入（含5bps滑点）,51.158,44.342,36.411,24.5763,1.625114,1.70892,1177.08313,51.95,True,MA5>MA10>MA20>MA60；20日动量162.51%；当日评分51.95，评分排序最多持4只,2026-06-02,57.78,5.5%固定止盈,1,0.111095,盈利,40989.73
003036.SZ,泰坦股份,2026-05-29,2026-06-01,71.01,信号日收盘确认，下一交易日开盘买入（含5bps滑点）,64.9063,55.2439,47.6705,31.9604,1.10087,3.061282,1006.393127,51.3,True,MA5>MA10>MA20>MA60；20日动量110.09%；当日评分51.30，评分排序最多持4只,2026-06-02,65.3292,8%固定止损,1,-0.081287,亏损,-30036.44
301319.SZ,唯特偶,2026-05-29,2026-06-01,104.29,信号日收盘确认，下一交易日开盘买入（含5bps滑点）,98.462,91.9419,77.2731,49.2001,1.332246,2.401574,774.97113,49.23,True,MA5>MA10>MA20>MA60；20日动量133.22%；当日评分49.23，评分排序最多持4只,2026-06-02,95.9468,8%固定止损,1,-0.081287,亏损,-27995.11
000636.SZ,风华高科,2026-06-01,2026-06-02,53.3972,信号日收盘确认，下一交易日开盘买入（含5bps滑点）,48.4528,42.1556,34.7087,25.8785,1.177611,1.308176,2232.762939,49.54,True,MA5>MA10>MA20>MA60；20日动量117.76%；当日评分49.54，评分排序最多持4只,2026-06-03,58.9985,5.5%固定止盈,1,0.103353,盈利,36449.36
300069.SZ,金利华电,2026-06-01,2026-06-02,48.6,信号日收盘确认，下一交易日开盘买入（含5bps滑点）,51.09,47.272,35.958,25.4002,1.172445,1.466769,1729.499878,47.36,True,MA5>MA10>MA20>MA60；20日动量117.24%；当日评分47.36，评分排序最多持4只,2026-06-03,51.273,5.5%固定止盈,1,0.053524,盈利,18481.93
301013.SZ,利和兴,2026-06-01,2026-06-02,45.47,信号日收盘确认，下一交易日开盘买入（含5bps滑点）,45.21,41.428,34.5755,27.1553,0.859438,0.921959,3616.941162,49.64,True,MA5>MA10>MA20>MA60；20日动量85.94%；当日评分49.64，评分排序最多持4只,2026-06-03,52.94,5.5%固定止盈,1,0.162655,盈利,57728.66
688143.SH,长盈通,2026-06-01,2026-06-02,151.361,信号日收盘确认，下一交易日开盘买入（含5bps滑点）,157.2044,148.2664,115.3929,79.1259,1.398405,1.695675,1051.431763,48.97,True,MA5>MA10>MA20>MA60；20日动量139.84%；当日评分48.97，评分排序最多持4只,2026-06-03,184.416,5.5%固定止盈,1,0.21668,盈利,75485.74
002552.SZ,宝鼎科技,2026-06-02,2026-06-03,58.87,信号日收盘确认，下一交易日开盘买入（含5bps滑点）,56.504,48.792,40.122,25.8947,1.753965,2.115325,955.030823,52.63,True,MA5>MA10>MA20>MA60；20日动量175.40%；当日评分52.63，评分排序最多持4只,2026-06-08,62.1078,5.5%固定止盈,3,0.053524,盈利,20495.58
301319.SZ,唯特偶,2026-06-02,2026-06-03,109.99,信号日收盘确认，下一交易日开盘买入（含5bps滑点）,107.46,98.0021,83.5415,51.8339,1.317027,2.560825,1037.794189,49.42,True,MA5>MA10>MA20>MA60；20日动量131.70%；当日评分49.42，评分排序最多持4只,2026-06-04,116.0394,5.5%固定止盈,1,0.053524,盈利,19441.06
600396.SH,华电辽能,2026-06-02,2026-06-03,18.78,信号日收盘确认，下一交易日开盘买入（含5bps滑点）,19.152,17.199,15.927,10.0273,0.955645,4.896657,1994.271973,67.93,True,MA5>MA10>MA20>MA60；20日动量95.56%；当日评分67.93，评分排序最多持4只,2026-06-04,20.8,5.5%固定止盈,1,0.106012,盈利,42635.06
920725.BJ,惠丰钻石,2026-06-02,2026-06-03,82.32,信号日收盘确认，下一交易日开盘买入（含5bps滑点）,56.054,45.671,39.2605,34.438,1.573436,1.210036,2141.768066,49.61,True,MA5>MA10>MA20>MA60；20日动量157.34%；当日评分49.61，评分排序最多持4只,2026-06-04,92.0,5.5%固定止盈,1,0.116026,盈利,42055.1
000636.SZ,风华高科,2026-06-03,2026-06-04,58.7089,信号日收盘确认，下一交易日开盘买入（含5bps滑点）,55.3481,47.5552,38.2307,27.09,1.440145,1.549052,1749.784912,44.78,True,MA5>MA10>MA20>MA60；20日动量144.01%；当日评分44.78，评分排序最多持4只,2026-06-05,61.9379,5.5%固定止盈,1,0.053524,盈利,21697.31
301013.SZ,利和兴,2026-06-03,2026-06-04,55.8,信号日收盘确认，下一交易日开盘买入（含5bps滑点）,48.746,45.52,37.3755,28.1407,1.053931,1.229184,3286.568359,45.68,True,MA5>MA10>MA20>MA60；20日动量105.39%；当日评分45.68，评分排序最多持4只,2026-06-05,58.869,5.5%固定止盈,1,0.053524,盈利,22415.49
688143.SH,长盈通,2026-06-03,2026-06-04,179.5182,信号日收盘确认，下一交易日开盘买入（含5bps滑点）,170.7862,156.9425,126.9272,83.2422,1.748373,2.208808,1114.40918,50.5,True,MA5>MA10>MA20>MA60；20日动量174.84%；当日评分50.50，评分排序最多持4只,2026-06-08,164.9248,8%固定止损,2,-0.082577,亏损,-34119.27
600396.SH,华电辽能,2026-06-04,2026-06-05,22.45,信号日收盘确认，下一交易日开盘买入（含5bps滑点）,20.248,18.653,16.947,10.6327,0.830833,5.002732,1857.233398,65.17,True,MA5>MA10>MA20>MA60；20日动量83.08%；当日评分65.17，评分排序最多持4只,2026-06-08,19.46,8%固定止损,1,-0.134398,亏损,-59179.04
920725.BJ,惠丰钻石,2026-06-04,2026-06-05,90.5,信号日收盘确认，下一交易日开盘买入（含5bps滑点）,76.02,57.912,45.29,36.2905,1.788196,1.478819,2414.963623,57.49,True,MA5>MA10>MA20>MA60；20日动量178.82%；当日评分57.49，评分排序最多持4只,2026-06-08,77.77,8%固定止损,1,-0.141865,亏损,-57815.07
002421.SZ,达实智能,2026-06-05,2026-06-08,5.21,信号日收盘确认，下一交易日开盘买入（含5bps滑点）,4.864,4.703,4.1085,3.2073,0.725166,0.809028,3889.703613,50.98,True,MA5>MA10>MA20>MA60；20日动量72.52%；当日评分50.98，评分排序最多持4只,2026-06-09,5.99,5.5%固定止盈,1,0.148104,盈利,58066.41
003036.SZ,泰坦股份,2026-06-05,2026-06-08,81.12,信号日收盘确认，下一交易日开盘买入（含5bps滑点）,72.972,68.9391,56.7623,36.5864,0.966929,3.544323,757.558533,55.74,True,MA5>MA10>MA20>MA60；20日动量96.69%；当日评分55.74，评分排序最多持4只,2026-06-12,85.5816,5.5%固定止盈,4,0.053524,盈利,21724.55
300975.SZ,商络电子,2026-06-05,2026-06-08,43.01,信号日收盘确认，下一交易日开盘买入（含5bps滑点）,42.584,37.3752,30.2178,22.8855,0.941545,1.871946,2180.219238,51.56,True,MA5>MA10>MA20>MA60；20日动量94.15%；当日评分51.56，评分排序最多持4只,2026-06-09,45.3755,5.5%固定止盈,1,0.053524,盈利,21193.86
301013.SZ,利和兴,2026-06-05,2026-06-08,53.94,信号日收盘确认，下一交易日开盘买入（含5bps滑点）,53.894,49.225,40.355,29.2402,0.990443,1.304508,3026.996338,53.91,True,MA5>MA10>MA20>MA60；20日动量99.04%；当日评分53.91，评分排序最多持4只,2026-06-09,56.9067,5.5%固定止盈,1,0.053524,盈利,21668.3
301319.SZ,唯特偶,2026-06-08,2026-06-09,151.49,信号日收盘确认，下一交易日开盘买入（含5bps滑点）,125.628,114.12,96.7433,58.264,0.994559,3.422498,1357.182617,67.02,True,MA5>MA10>MA20>MA60；20日动量99.46%；当日评分67.02，评分排序最多持4只,2026-06-10,139.3708,8%固定止损,1,-0.081287,亏损,-34503.85
600396.SH,华电辽能,2026-06-08,2026-06-09,19.6,信号日收盘确认，下一交易日开盘买入（含5bps滑点）,20.404,19.526,17.6065,11.1627,0.410819,3.974226,1691.800171,64.49,True,MA5>MA10>MA20>MA60；20日动量41.08%；当日评分64.49，评分排序最多持4只,2026-06-10,20.85,5.5%固定止盈,1,0.062287,盈利,26021.89
688507.SH,索辰科技,2026-06-08,2026-06-09,220.8784,信号日收盘确认，下一交易日开盘买入（含5bps滑点）,184.4085,181.8539,156.9071,112.3981,1.300562,1.255385,2610.262695,64.84,True,MA5>MA10>MA20>MA60；20日动量130.06%；当日评分64.84，评分排序最多持4只,2026-06-10,233.0267,5.5%固定止盈,1,0.053524,盈利,22478.1
002421.SZ,达实智能,2026-06-09,2026-06-10,5.7,信号日收盘确认，下一交易日开盘买入（含5bps滑点）,5.252,4.901,4.381,3.3018,0.932203,0.986063,4832.542969,58.84,True,MA5>MA10>MA20>MA60；20日动量93.22%；当日评分58.84，评分排序最多持4只,2026-06-12,4.4,8%固定止损,2,-0.22915,亏损,-100252.25
301013.SZ,利和兴,2026-06-09,2026-06-10,63.29,信号日收盘确认，下一交易日开盘买入（含5bps滑点）,56.29,51.501,43.0975,30.2692,1.13331,1.455498,2758.50708,54.12,True,MA5>MA10>MA20>MA60；20日动量113.33%；当日评分54.12，评分排序最多持4只,2026-06-11,58.2268,8%固定止损,1,-0.081287,亏损,-34493.35
688143.SH,长盈通,2026-06-09,2026-06-10,184.9157,信号日收盘确认，下一交易日开盘买入（含5bps滑点）,183.4724,173.453,149.0386,91.5083,1.466234,2.145081,744.334351,54.38,True,MA5>MA10>MA20>MA60；20日动量146.62%；当日评分54.38，评分排序最多持4只,2026-06-11,195.0861,5.5%固定止盈,1,0.053524,盈利,22780.04
301313.SZ,凡拓数创,2026-06-10,2026-06-11,63.5,信号日收盘确认，下一交易日开盘买入（含5bps滑点）,57.334,52.346,49.5775,38.1987,0.785971,1.173546,4131.121582,58.76,True,MA5>MA10>MA20>MA60；20日动量78.60%；当日评分58.76，评分排序最多持4只,2026-06-12,55.0,8%固定止损,1,-0.13507,亏损,-54930.88
688507.SH,索辰科技,2026-06-10,2026-06-11,233.8913,信号日收盘确认，下一交易日开盘买入（含5bps滑点）,212.9648,191.9274,171.3457,117.1577,1.572212,1.557652,2281.886719,64.43,True,MA5>MA10>MA20>MA60；20日动量157.22%；当日评分64.43，评分排序最多持4只,2026-06-12,211.5435,8%固定止损,1,-0.096813,亏损,-40787.11
000636.SZ,风华高科,2026-06-11,2026-06-12,66.397,信号日收盘确认，下一交易日开盘买入（含5bps滑点）,59.9809,59.1482,48.0734,30.8445,1.279334,1.963134,1582.807861,67.15,True,MA5>MA10>MA20>MA60；20日动量127.93%；当日评分67.15，评分排序最多持4只,2026-06-15,61.0852,8%固定止损,1,-0.081287,亏损,-30785.68
301013.SZ,利和兴,2026-06-11,2026-06-12,58.74,信号日收盘确认，下一交易日开盘买入（含5bps滑点）,57.634,54.575,46.3125,31.4832,1.10249,1.491874,2532.712402,65.59,True,MA5>MA10>MA20>MA60；20日动量110.25%；当日评分65.59，评分排序最多持4只,2026-06-15,53.9,8%固定止损,1,-0.083681,亏损,-30988.74
301319.SZ,唯特偶,2026-06-11,2026-06-12,136.0,信号日收盘确认，下一交易日开盘买入（含5bps滑点）,134.978,125.572,107.093,63.5096,0.909653,3.180345,752.956421,65.5,True,MA5>MA10>MA20>MA60；20日动量90.97%；当日评分65.50，评分排序最多持4只,2026-06-15,143.48,5.5%固定止盈,1,0.053524,盈利,19667.78
688549.SH,中巨芯-U,2026-06-11,2026-06-12,28.0,信号日收盘确认，下一交易日开盘买入（含5bps滑点）,22.588,18.618,17.4995,12.5317,1.147963,2.078893,3012.353027,77.51,True,MA5>MA10>MA20>MA60；20日动量114.80%；当日评分77.51，评分排序最多持4只,2026-06-15,25.51,8%固定止损,1,-0.090203,亏损,-35131.65
002636.SZ,金安国纪,2026-06-12,2026-06-15,90.92,信号日收盘确认，下一交易日开盘买入（含5bps滑点）,77.292,65.085,56.0219,44.1725,1.100254,1.819177,1164.92334,54.57,True,MA5>MA10>MA20>MA60；20日动量110.03%；当日评分54.57，评分排序最多持4只,2026-06-16,95.9206,5.5%固定止盈,1,0.053524,盈利,17531.32
003036.SZ,泰坦股份,2026-06-12,2026-06-15,80.79,信号日收盘确认，下一交易日开盘买入（含5bps滑点）,79.88,76.426,65.8349,41.6817,0.919343,3.506511,587.224121,65.04,True,MA5>MA10>MA20>MA60；20日动量91.93%；当日评分65.04，评分排序最多持4只,2026-06-16,95.0,5.5%固定止盈,1,0.174243,盈利,63391.26
603773.SH,沃格光电,2026-06-12,2026-06-15,128.51,信号日收盘确认，下一交易日开盘买入（含5bps滑点）,142.174,132.098,109.34,71.0167,0.730898,2.054118,2430.430664,57.28,True,MA5>MA10>MA20>MA60；20日动量73.09%；当日评分57.28，评分排序最多持4只,2026-06-16,137.0,5.5%固定止盈,1,0.064573,盈利,21590.79
688507.SH,索辰科技,2026-06-12,2026-06-15,239.868,信号日收盘确认，下一交易日开盘买入（含5bps滑点）,231.6925,201.8069,184.0262,121.6424,1.303757,1.691514,2892.647461,69.64,True,MA5>MA10>MA20>MA60；20日动量130.38%；当日评分69.64，评分排序最多持4只,2026-06-16,253.0607,5.5%固定止盈,1,0.053524,盈利,19271.53
000636.SZ,风华高科,2026-06-15,2026-06-16,68.1343,信号日收盘确认，下一交易日开盘买入（含5bps滑点）,61.7722,60.7528,51.4542,32.1724,1.20965,1.903125,1243.046265,58.55,True,MA5>MA10>MA20>MA60；20日动量120.96%；当日评分58.55，评分排序最多持4只,2026-06-17,71.8817,5.5%固定止盈,1,0.053524,盈利,20071.56
301013.SZ,利和兴,2026-06-15,2026-06-16,57.7,信号日收盘确认，下一交易日开盘买入（含5bps滑点）,58.06,56.428,48.928,32.5067,1.056437,1.480851,2859.363281,63.7,True,MA5>MA10>MA20>MA60；20日动量105.64%；当日评分63.70，评分排序最多持4只,2026-06-17,60.8735,5.5%固定止盈,1,0.053524,盈利,21324.44
301217.SZ,铜冠铜箔,2026-06-15,2026-06-16,182.1,信号日收盘确认，下一交易日开盘买入（含5bps滑点）,137.1,123.064,110.902,73.4748,0.953392,3.270013,498.05777,59.84,True,MA5>MA10>MA20>MA60；20日动量95.34%；当日评分59.84，评分排序最多持4只,2026-06-17,192.1155,5.5%固定止盈,1,0.053524,盈利,20482.45
301319.SZ,唯特偶,2026-06-15,2026-06-16,145.0,信号日收盘确认，下一交易日开盘买入（含5bps滑点）,138.704,132.166,113.4942,67.2066,0.812094,4.006221,665.794373,65.06,True,MA5>MA10>MA20>MA60；20日动量81.21%；当日评分65.06，评分排序最多持4只,2026-06-17,152.975,5.5%固定止盈,1,0.053524,盈利,20969.33
003036.SZ,泰坦股份,2026-06-16,2026-06-17,97.32,信号日收盘确认，下一交易日开盘买入（含5bps滑点）,86.308,81.325,71.0757,44.1928,1.351919,4.003064,640.222534,75.53,True,MA5>MA10>MA20>MA60；20日动量135.19%；当日评分75.53，评分排序最多持4只,2026-06-18,102.6726,5.5%固定止盈,1,0.053524,盈利,22414.2
301526.SZ,国际复材,2026-06-16,2026-06-17,37.1853,信号日收盘确认，下一交易日开盘买入（含5bps滑点）,30.5699,26.6594,24.1099,17.6905,1.068449,2.277966,1513.608521,59.92,True,MA5>MA10>MA20>MA60；20日动量106.84%；当日评分59.92，评分排序最多持4只,2026-06-18,39.4943,5.5%固定止盈,1,0.060611,盈利,23681.81
603773.SH,沃格光电,2026-06-16,2026-06-17,155.68,信号日收盘确认，下一交易日开盘买入（含5bps滑点）,142.51,137.282,116.8455,74.5323,1.135303,2.859698,1193.873901,64.33,True,MA5>MA10>MA20>MA60；20日动量113.53%；当日评分64.33，评分排序最多持4只,2026-06-18,171.11,5.5%固定止盈,1,0.097576,盈利,39523.26
688662.SH,富信科技,2026-06-16,2026-06-17,124.99,信号日收盘确认，下一交易日开盘买入（含5bps滑点）,110.3297,89.3405,80.3496,61.3191,0.982441,1.987148,1927.875,58.79,True,MA5>MA10>MA20>MA60；20日动量98.24%；当日评分58.79，评分排序最多持4只,2026-06-18,134.0,5.5%固定止盈,1,0.070586,盈利,26486.13
301013.SZ,利和兴,2026-06-17,2026-06-18,63.0,信号日收盘确认，下一交易日开盘买入（含5bps滑点）,58.592,58.223,51.8715,33.8165,0.79648,1.847428,3026.942139,61.63,True,MA5>MA10>MA20>MA60；20日动量79.65%；当日评分61.63，评分排序最多持4只,2026-06-22,68.0,5.5%固定止盈,1,0.077855,盈利,34848.93
301217.SZ,铜冠铜箔,2026-06-17,2026-06-18,179.3,信号日收盘确认，下一交易日开盘买入（含5bps滑点）,159.96,137.947,120.119,78.16,1.064894,3.732743,623.17218,61.29,True,MA5>MA10>MA20>MA60；20日动量106.49%；当日评分61.29，评分排序最多持4只,2026-06-22,195.55,5.5%固定止盈,1,0.089104,盈利,38370.25
301319.SZ,唯特偶,2026-06-17,2026-06-18,163.0,信号日收盘确认，下一交易日开盘买入（含5bps滑点）,145.216,140.621,120.443,71.4266,0.787824,4.70018,689.345825,63.85,True,MA5>MA10>MA20>MA60；20日动量78.78%；当日评分63.85，评分排序最多持4只,2026-06-22,171.965,5.5%固定止盈,1,0.053524,盈利,23572.42
688549.SH,中巨芯-U,2026-06-17,2026-06-18,33.4,信号日收盘确认，下一交易日开盘买入（含5bps滑点）,29.154,24.469,19.759,13.8145,0.895089,2.574737,2019.650024,60.65,True,MA5>MA10>MA20>MA60；20日动量89.51%；当日评分60.65，评分排序最多持4只,2026-06-22,35.237,5.5%固定止盈,1,0.053524,盈利,23614.2
003036.SZ,泰坦股份,2026-06-18,2026-06-22,97.29,信号日收盘确认，下一交易日开盘买入（含5bps滑点）,94.868,87.393,76.5905,46.9075,1.086075,3.871961,680.919617,55.55,True,MA5>MA10>MA20>MA60；20日动量108.61%；当日评分55.55，评分排序最多持4只,2026-06-24,89.0,8%固定止损,2,-0.086489,亏损,-38733.86
301526.SZ,国际复材,2026-06-18,2026-06-22,41.1837,信号日收盘确认，下一交易日开盘买入（含5bps滑点）,36.4595,30.3,26.3356,18.6714,1.295901,2.734246,1296.600708,55.75,True,MA5>MA10>MA20>MA60；20日动量129.59%；当日评分55.75，评分排序最多持4只,2026-06-23,37.889,8%固定止损,1,-0.081287,亏损,-36515.49
603773.SH,沃格光电,2026-06-18,2026-06-22,172.7,信号日收盘确认，下一交易日开盘买入（含5bps滑点）,149.792,146.243,125.448,78.7977,1.032831,3.465835,1509.518433,59.13,True,MA5>MA10>MA20>MA60；20日动量103.28%；当日评分59.13，评分排序最多持4只,2026-06-23,182.1985,5.5%固定止盈,1,0.053524,盈利,24975.19
920725.BJ,惠丰钻石,2026-06-18,2026-06-22,99.99,信号日收盘确认，下一交易日开盘买入（含5bps滑点）,75.752,74.802,66.357,42.9017,1.780687,1.758117,2397.7771,66.39,True,MA5>MA10>MA20>MA60；20日动量178.07%；当日评分66.39，评分排序最多持4只,2026-06-23,115.64,5.5%固定止盈,1,0.154898,盈利,74395.49
300319.SZ,麦捷科技,2026-06-22,2026-06-23,30.7,信号日收盘确认，下一交易日开盘买入（含5bps滑点）,25.202,23.576,20.0231,14.9281,1.249197,1.697891,3113.02832,57.02,True,MA5>MA10>MA20>MA60；20日动量124.92%；当日评分57.02，评分排序最多持4只,2026-06-24,32.3885,5.5%固定止盈,1,0.053524,盈利,26309.41
301319.SZ,唯特偶,2026-06-22,2026-06-23,187.0,信号日收盘确认，下一交易日开盘买入（含5bps滑点）,162.68,150.518,129.5545,76.4457,1.084267,5.994778,495.747894,59.05,True,MA5>MA10>MA20>MA60；20日动量108.43%；当日评分59.05，评分排序最多持4只,2026-06-24,197.285,5.5%固定止盈,1,0.053524,盈利,26041.6
688549.SH,中巨芯-U,2026-06-22,2026-06-23,33.01,信号日收盘确认，下一交易日开盘买入（含5bps滑点）,32.116,28.238,21.642,14.6792,1.143558,3.011481,2200.674072,55.85,True,MA5>MA10>MA20>MA60；20日动量114.36%；当日评分55.85，评分排序最多持4只,2026-06-24,30.3692,8%固定止损,1,-0.081287,亏损,-39203.41
